gender,educ,partyid,taxpayer,percenttp,wagesal,child,wastecents,eitcself,eitcother,labforce,polideo,polinffreq,regvote,feelfedgov_1,voted,discusspol,poleffic,polvol,polknow1,polknow2,polkno3,marital,ownhome,stateresid,yearbirth,raceeth,hhinc,weightvec
2,2,4,1,50,1,4,60,1,1,7,4,4,1,67,2,2,3,4,4,4,3,5,3,50,46,1,9,0.984578453
2,5,4,1,71,1,3,25,3,1,1,4,2,1,10,1,2,3,1,2,1,3,1,1,17,44,1,14,1.154111704
2,2,2,1,100,0,0,60,3,4,8,5,4,1,39,1,4,4,4,2,2,6,1,1,36,21,1,17,1.624211387
1,5,5,1,39,0,0,40,4,3,6,5,3,1,80,1,3,2,3,4,4,3,3,1,44,19,2,2,0.876566393
2,2,9,1,60,1,0,19,4,2,10,8,4,1,50,1,5,3,4,3,3,1,2,3,33,15,7,20,1.927817562
1,6,7,1,44,1,0,84,3,3,1,7,1,1,1,1,2,1,4,2,1,3,1,1,5,15,1,19,1.732094445
2,2,1,1,91,1,0,97,3,3,6,4,2,1,82,1,2,1,4,1,4,6,3,1,34,28,1,10,0.432154266
2,4,5,1,81,1,0,70,2,4,1,6,2,1,51,1,2,2,2,1,1,6,1,1,22,15,1,13,0.73595321
1,3,4,1,30,1,0,19,3,3,6,6,4,1,19,1,3,3,4,3,1,3,3,1,33,20,1,4,0.341164062
2,2,7,1,81,1,1,82,4,4,1,6,3,2,81,2,2,3,2,2,1,3,1,1,44,32,1,18,1.302865633
2,2,4,2,80,1,0,90,2,4,4,1,4,1,1,2,4,1,4,4,4,6,1,4,44,42,1,1,0.627293163
1,3,4,1,92,1,0,98,3,3,6,8,3,1,10,1,2,5,4,1,1,6,5,3,50,19,1,3,0.427902551
2,2,1,1,80,1,0,19,1,1,6,4,3,1,92,1,3,3,4,2,1,6,2,1,39,19,2,12,1.096940294
2,3,4,1,81,1,1,7,1,1,7,5,3,1,65,2,2,2,4,4,2,6,3,1,26,36,1,3,0.427902551
1,6,7,1,38,1,0,59,3,3,4,7,1,1,3,1,1,5,3,2,2,6,3,4,32,25,1,9,0.3930594
2,5,2,1,81,1,1,50,1,1,1,4,3,1,49,1,3,3,4,1,1,3,3,1,11,31,2,12,1.103625348
1,5,1,2,63,1,0,49,3,3,9,1,3,1,15,1,3,3,4,2,1,3,5,3,24,48,1,3,0.782012106
1,6,4,1,100,1,4,99,1,1,1,4,1,1,98,1,1,1,1,4,4,1,1,1,11,29,1,19,1.302865633
1,5,4,1,75,1,1,70,2,2,4,4,2,1,1,1,3,3,4,1,2,3,1,1,7,37,1,16,0.503497879
1,5,5,1,46,1,0,21,1,1,1,5,1,1,40,1,3,2,4,2,1,3,1,1,14,23,1,13,0.631508565
2,2,4,1,91,1,0,41,1,2,5,2,3,1,50,1,2,2,4,2,1,3,1,3,36,23,1,5,0.427902551
2,3,1,1,61,1,1,81,2,4,6,2,2,1,49,1,3,2,4,4,4,6,5,3,5,23,1,10,0.3930594
1,2,5,1,51,1,0,18,3,3,6,5,1,1,27,1,2,4,4,2,1,3,1,1,11,24,1,12,0.432154266
2,5,4,1,50,1,0,80,1,1,1,4,4,1,81,1,4,3,4,1,1,6,3,1,10,24,1,14,0.506566333
1,3,5,1,70,1,0,80,3,3,6,5,2,1,19,1,2,2,4,2,1,3,3,1,47,12,1,11,0.631671616
1,4,5,1,60,1,0,60,2,4,6,7,2,1,19,3,3,1,4,1,1,6,3,4,41,26,1,10,0.432154266
1,4,2,1,60,1,0,60,1,1,1,4,2,1,31,1,1,2,4,1,1,2,1,1,24,20,1,17,1.624211387
1,2,7,1,29,1,0,81,1,3,6,6,1,1,9,1,1,1,2,2,1,1,3,1,36,18,1,4,0.427902551
2,2,4,1,81,1,0,99,3,3,6,4,3,1,12,1,4,4,4,2,1,3,1,3,33,3,1,9,0.627845355
2,3,2,1,38,1,0,33,2,2,1,3,4,1,55,1,3,3,4,4,4,6,3,3,12,40,4,9,1.834465926
2,3,1,1,60,1,0,0,4,1,6,7,3,1,51,1,3,3,4,1,4,6,1,3,33,19,1,2,0.341164062
2,6,4,1,42,1,2,64,4,4,1,4,2,1,41,1,2,4,4,2,1,3,1,1,34,40,1,20,0.949593622
1,5,7,1,80,1,0,50,2,4,2,6,3,1,42,1,3,3,4,2,1,6,1,1,5,17,4,19,4.423381849
1,2,4,1,52,1,1,85,2,4,3,6,1,1,2,1,1,1,4,2,1,3,1,1,6,33,1,14,0.460739774
1,6,1,1,99,1,0,6,3,1,6,2,1,1,9,1,1,1,4,2,1,3,1,1,33,20,1,15,0.503497879
1,2,3,2,90,1,0,70,3,3,9,4,4,1,48,2,3,3,5,2,2,6,3,4,43,39,1,2,0.627293163
2,6,1,1,66,1,0,40,3,3,1,3,2,1,10,1,2,2,4,2,1,3,1,1,33,27,1,16,0.503497879
2,2,2,1,88,1,2,61,4,3,1,3,4,1,6,1,4,5,4,1,4,6,5,3,9,49,2,8,2.067269469
2,6,1,1,82,1,0,19,3,3,6,2,1,1,42,1,1,2,3,2,1,6,3,1,10,22,1,12,0.432154266
2,5,5,1,54,1,2,58,2,2,1,3,2,1,58,1,2,2,2,1,2,2,1,1,33,38,4,15,2.349898524
1,6,4,1,95,1,1,70,1,2,1,4,1,1,50,1,2,2,4,2,2,3,1,1,5,51,1,19,2.165646716
2,5,2,1,71,1,0,5,3,2,1,2,2,1,60,1,3,3,4,2,1,3,5,1,23,60,1,13,5.00008301
2,3,6,1,60,1,0,55,3,4,2,6,3,1,32,1,1,2,3,1,1,3,1,1,10,21,1,20,0.519600055
2,2,2,2,80,1,0,60,3,3,8,4,5,2,60,2,4,6,4,1,2,6,1,1,17,49,1,13,1.154111704
2,2,9,1,99,1,0,100,1,1,2,8,5,2,60,2,4,3,4,4,4,6,3,4,22,32,1,1,0.341164062
2,3,9,1,87,1,2,52,1,3,2,4,2,1,71,2,3,3,2,4,4,6,3,3,5,45,1,10,0.718334602
2,2,1,1,80,1,0,60,4,4,1,1,2,2,40,2,4,3,4,1,2,6,1,3,38,33,1,20,0.4725944
1,2,3,3,49,1,0,80,3,4,4,4,4,1,20,1,5,3,4,4,4,6,5,1,34,26,1,2,0.343243209
2,2,4,1,70,1,0,90,3,4,6,4,5,1,5,1,2,2,4,2,1,3,2,1,50,20,1,8,0.538743107
2,6,1,1,83,1,0,61,3,3,2,2,2,1,56,1,2,2,4,4,4,6,5,1,39,51,1,12,0.784998321
1,3,5,1,52,1,0,77,3,4,6,4,2,1,21,1,2,1,4,2,1,3,1,1,5,26,1,12,0.3930594
2,1,9,2,40,1,0,97,1,3,4,8,4,2,4,2,3,4,4,4,4,6,5,3,7,36,1,1,0.341164062
1,1,4,1,61,1,0,80,3,1,1,2,2,1,33,1,2,2,4,2,2,3,1,1,23,32,1,16,0.631508565
1,3,6,1,70,1,2,80,1,3,7,5,2,2,20,2,1,1,4,2,4,3,5,4,10,62,3,14,5.000082764
1,4,7,1,99,1,0,75,3,1,6,7,1,1,76,1,4,1,4,2,1,3,1,1,47,15,1,14,0.74043831
1,5,2,1,36,1,1,42,3,3,1,4,2,2,40,2,3,3,4,3,1,3,1,1,43,36,4,6,1.103625348
2,3,2,1,100,1,2,61,1,2,2,2,4,1,3,1,3,3,4,1,2,3,1,1,14,38,1,10,0.984578453
2,4,7,1,85,1,0,5,3,3,8,6,4,1,50,1,4,6,4,4,4,6,1,3,2,45,1,11,0.718334602
2,3,4,1,90,1,0,88,1,2,6,2,3,1,40,2,2,2,4,1,4,6,1,1,6,17,1,6,0.574527399
1,2,2,1,79,1,0,86,3,3,6,8,3,1,0,1,5,3,4,2,2,6,1,1,21,8,1,10,0.631671616
1,2,4,1,40,1,0,87,3,1,6,4,2,1,5,1,2,2,4,1,2,1,1,1,29,20,1,14,0.460739774
2,6,5,1,61,0,4,98,1,2,1,6,2,1,12,1,2,5,4,1,1,3,1,1,24,41,1,17,2.96832296
2,2,4,1,70,1,0,60,2,3,2,4,3,1,60,1,2,4,4,1,2,1,1,1,17,26,1,13,0.631508565
2,6,1,2,50,1,0,40,3,2,8,2,2,1,75,1,2,2,3,2,1,3,5,4,33,22,1,20,0.516452651
1,5,1,1,90,1,0,40,1,1,1,2,1,1,19,1,1,4,4,2,1,3,5,1,11,38,2,11,2.016927406
2,3,1,2,70,1,1,83,1,4,4,3,3,1,0,1,4,3,5,1,4,6,5,3,36,39,1,1,0.782012106
1,2,3,1,70,1,0,80,4,2,2,4,3,1,19,1,2,2,4,2,1,6,1,3,10,21,1,6,0.432154266
2,2,4,1,90,1,0,100,3,3,2,4,4,1,19,1,4,3,4,1,1,6,3,3,7,32,1,20,0.516452651
2,3,1,1,70,1,0,20,3,3,9,2,3,1,80,2,2,4,4,4,4,6,1,3,26,42,1,2,0.782012106
2,3,2,1,100,1,3,50,1,1,1,4,1,1,30,2,2,3,4,1,4,1,1,1,5,47,1,13,0.84202368
2,3,1,1,64,1,0,29,3,3,6,2,1,1,40,1,3,3,4,2,1,3,3,1,10,11,1,8,0.631671616
2,3,1,1,81,1,0,60,2,4,6,2,2,1,81,1,2,2,2,1,1,1,5,1,36,29,1,3,0.427902551
1,2,4,1,38,1,1,28,1,2,1,4,2,1,25,1,2,2,2,2,2,2,5,1,7,33,1,13,0.503497879
2,5,1,1,20,1,2,40,1,1,8,1,2,1,40,1,4,2,1,4,4,6,1,1,47,36,1,14,0.506566333
2,5,7,1,80,1,1,61,1,1,2,7,1,1,20,1,2,2,1,2,1,3,3,1,10,29,1,9,0.432154266
2,2,4,2,40,1,2,80,1,3,8,5,3,1,62,2,3,2,4,3,4,6,1,1,34,54,1,5,0.627293163
2,3,1,1,85,1,0,92,3,4,4,4,2,1,55,1,2,3,4,2,1,6,2,3,10,28,1,11,0.432154266
2,3,2,2,40,1,0,95,1,3,4,6,3,1,21,1,4,3,4,1,4,6,5,3,33,32,3,20,1.318904573
2,2,4,1,91,0,1,40,1,1,1,4,4,2,65,2,3,4,4,4,4,6,2,3,14,25,1,10,0.538743107
2,5,3,1,71,1,0,62,3,0,6,3,2,1,30,1,4,5,4,1,1,3,3,1,20,14,1,7,0.627845355
1,2,4,1,51,0,0,81,3,2,1,6,3,2,1,2,2,3,4,1,1,6,3,1,39,20,1,14,0.503497879
1,2,2,1,91,1,0,75,3,3,5,6,1,1,19,1,2,2,4,2,1,1,1,1,5,15,1,14,0.673454506
1,6,4,1,71,1,0,91,4,4,1,8,4,1,2,2,4,3,4,4,4,6,2,1,39,27,1,15,0.503497879
2,6,1,1,91,1,0,60,3,1,3,4,4,1,75,2,2,3,4,2,1,3,3,3,11,25,2,11,1.103625348
2,2,4,1,80,1,0,80,3,3,6,4,4,1,40,2,4,3,4,4,4,6,1,1,44,14,1,15,0.74043831
1,5,5,1,37,1,2,88,3,3,1,5,4,1,19,1,2,2,4,2,2,3,1,1,33,32,3,19,3.307073246
4,2,4,1,56,1,0,88,3,3,1,6,1,1,4,1,2,3,4,1,3,6,4,3,41,49,1,7,0.789782315
2,2,4,1,65,1,0,64,2,1,1,5,2,1,49,1,4,4,4,4,4,6,3,1,20,24,1,11,0.429536552
1,2,7,2,45,1,0,50,3,4,6,4,2,1,21,1,2,1,4,2,1,3,1,1,5,12,1,12,0.574527399
1,7,4,1,60,1,1,48,1,3,1,8,2,1,51,2,4,2,4,2,2,6,6,5,25,61,1,20,5.00007371
1,5,1,1,69,0,1,70,1,2,4,4,2,1,43,1,2,2,1,1,1,1,1,1,5,56,1,16,0.84202368
1,4,4,1,60,1,2,98,1,3,1,7,1,1,0,1,2,2,4,2,1,3,1,1,39,33,1,11,0.429536552
1,2,5,1,60,1,0,70,3,1,6,7,3,1,0,1,3,3,4,2,1,3,1,1,47,21,1,17,1.302865633
1,5,1,1,90,1,0,15,3,3,6,2,2,1,67,1,2,1,4,2,1,3,1,1,14,17,1,17,2.374078686
1,5,3,1,45,1,0,50,3,2,2,4,2,1,36,1,2,4,4,1,2,3,5,4,5,57,1,15,0.84202368
2,5,6,1,60,1,0,40,4,2,2,4,2,1,19,1,2,1,4,1,2,3,1,1,39,18,1,17,1.294973709
2,4,1,1,40,1,1,60,1,3,5,4,4,1,7,1,2,2,4,4,1,6,3,3,14,31,2,1,1.09276742
1,5,6,1,67,1,1,50,2,2,1,6,2,1,60,2,1,2,1,2,2,6,1,3,37,49,1,12,0.789782315
2,4,4,1,81,1,0,10,3,1,5,4,4,1,49,1,3,3,4,4,4,6,3,3,5,23,1,3,0.312191688
2,5,7,1,50,1,2,60,1,2,8,6,3,1,19,1,2,3,4,2,1,6,1,1,39,48,1,14,0.920166135
1,2,4,1,98,1,0,98,3,2,1,4,4,1,1,2,4,2,4,4,4,6,1,3,33,48,1,10,0.784998321
2,2,1,1,70,1,0,60,1,4,2,1,2,1,50,2,2,3,3,1,2,3,3,1,33,18,1,7,0.429536552
2,5,6,1,50,1,0,60,1,4,1,6,2,1,19,1,2,2,4,2,1,3,1,1,25,32,1,12,0.432154266
1,5,1,1,100,1,0,10,1,4,6,2,2,1,80,1,2,2,4,2,1,2,5,3,3,15,5,1,1.165351009
2,5,4,1,75,1,0,40,4,4,3,4,2,1,50,1,3,3,4,1,1,6,1,1,47,40,1,13,0.92577388
2,4,5,1,60,1,0,91,4,4,9,4,3,1,49,1,3,2,4,2,4,6,3,1,27,26,1,1,0.312191688
2,2,1,1,60,1,0,63,4,4,1,4,1,1,93,2,2,3,4,1,1,6,1,1,21,25,1,16,0.506566333
2,4,1,1,70,1,0,20,1,1,9,6,4,1,70,1,3,4,4,2,1,6,1,1,8,29,2,4,0.876566393
1,5,7,1,59,1,0,20,3,1,1,6,3,1,9,1,3,4,4,2,1,3,3,1,10,27,1,15,0.506566333
1,5,1,1,91,1,3,53,4,4,1,5,2,1,31,1,1,2,4,1,2,3,1,1,44,37,1,12,0.432154266
2,5,1,1,63,1,0,18,1,1,2,2,2,1,5,1,2,2,4,2,1,3,1,1,5,33,1,15,0.460739774
1,5,7,1,80,1,0,29,3,3,1,6,3,1,51,2,3,4,4,1,1,6,5,3,33,20,1,18,1.294973709
1,3,4,2,31,1,0,73,4,3,7,4,4,2,35,2,3,2,4,4,4,6,5,4,12,60,4,1,5.000084473
1,3,6,1,91,1,0,65,4,3,2,6,3,1,32,1,3,2,4,2,1,3,5,3,31,27,1,10,0.429536552
1,5,1,2,70,1,0,80,3,3,6,2,3,1,39,1,4,3,4,4,4,6,5,1,14,20,2,9,1.375829411
1,2,6,1,50,0,2,20,1,3,6,5,5,1,41,1,2,2,4,2,1,3,5,3,5,35,1,11,0.3930594
1,2,4,1,70,1,2,80,4,4,1,4,2,1,60,1,3,2,4,4,4,1,1,1,47,45,4,13,2.364219449
1,2,4,2,70,1,0,40,1,3,6,2,3,1,40,1,3,3,4,1,2,6,3,3,29,14,1,3,0.456324613
2,4,1,1,86,0,0,61,3,4,1,4,3,1,27,2,3,2,4,4,4,6,3,3,5,31,1,8,0.3930594
1,4,2,1,98,0,1,61,1,1,6,4,2,1,70,1,2,2,1,1,1,6,3,1,23,21,1,8,0.538743107
2,2,7,1,59,1,1,69,1,2,2,6,3,1,39,2,2,3,4,1,1,6,1,1,18,53,1,14,0.92577388
1,2,4,1,81,1,0,41,1,1,1,4,4,2,20,2,3,3,4,1,1,6,1,1,29,24,1,14,0.460739774
1,2,7,1,52,1,0,65,1,2,6,6,1,1,30,1,3,2,3,2,1,3,1,1,43,27,1,8,0.432154266
1,5,7,1,28,1,0,39,3,3,1,6,1,1,50,1,2,2,2,2,1,3,1,1,44,29,1,16,0.506566333
2,5,5,1,49,1,0,31,3,3,8,5,3,1,20,1,3,3,4,2,1,3,1,1,33,21,1,17,1.294973709
2,3,6,1,75,1,0,42,3,1,1,5,2,1,20,1,2,2,4,1,1,3,5,1,11,51,1,11,0.789782315
1,2,4,1,74,1,1,70,2,2,1,4,2,1,30,1,3,2,4,1,4,6,5,3,15,57,1,9,0.984578453
1,3,6,1,50,1,0,40,3,3,6,4,1,1,19,1,2,1,4,2,1,6,1,1,23,22,1,14,0.631508565
1,2,4,1,80,1,0,21,1,1,1,1,1,3,19,3,3,3,1,3,2,3,5,5,29,54,4,4,1.457044443
2,2,4,1,82,1,0,54,1,3,4,4,3,1,14,1,3,2,4,2,1,3,5,1,15,24,1,1,0.427902551
1,7,9,2,5,0,0,15,4,3,10,8,5,2,7,2,2,3,5,4,4,6,5,5,33,44,1,1,0.623493423
2,2,9,2,99,0,0,100,4,4,5,8,4,1,39,2,4,2,4,4,4,6,5,4,44,57,1,20,0.949593622
1,6,1,1,91,1,0,25,3,3,1,4,4,1,75,1,3,4,4,2,1,3,1,1,4,35,1,17,1.302865633
2,2,4,1,50,1,2,19,4,4,8,2,1,1,20,1,2,1,4,3,4,6,1,1,39,44,4,20,2.410360349
2,5,1,1,71,1,0,19,3,4,2,2,3,1,19,1,3,2,4,1,2,3,1,1,33,26,1,13,0.503497879
1,2,4,2,80,1,0,40,4,4,9,4,4,2,39,2,3,1,4,3,3,6,4,3,44,28,1,4,0.343243209
2,2,4,1,51,0,0,73,3,3,6,6,4,2,7,2,2,5,4,2,2,6,1,1,11,18,1,11,0.432154266
2,6,2,1,96,1,0,90,1,1,6,4,1,1,20,1,3,2,4,2,1,3,1,3,29,26,1,16,0.460739774
2,3,4,1,96,1,0,49,3,1,8,3,3,2,30,2,2,3,4,2,2,4,1,1,48,23,1,13,0.460739774
1,5,4,1,81,1,1,66,2,3,1,4,2,1,54,1,3,2,4,1,1,6,1,1,5,50,1,16,0.84202368
2,5,7,1,51,1,4,80,1,1,8,6,2,1,40,1,3,3,4,1,2,3,1,2,13,51,1,14,0.84202368
2,3,1,1,81,1,0,82,3,3,2,4,4,1,40,2,4,5,3,1,1,6,1,1,39,56,1,9,0.784998321
2,5,6,1,81,1,3,40,1,1,1,6,3,1,19,1,2,2,4,2,4,3,1,1,5,38,4,19,5.000013911
1,2,5,1,53,1,2,85,3,1,1,4,1,1,34,1,1,1,4,2,1,3,1,1,34,42,1,14,0.92577388
2,2,4,1,40,1,0,61,4,3,8,2,2,1,14,1,2,2,4,1,1,6,4,1,33,21,1,11,0.429536552
2,3,4,1,90,1,0,60,3,3,2,5,3,1,54,1,3,2,4,1,1,6,1,1,33,31,1,9,0.429536552
1,2,4,1,23,1,0,71,1,1,4,6,4,2,26,2,4,4,4,3,3,6,1,3,36,39,1,2,0.782012106
2,5,2,1,70,1,0,75,3,1,9,6,2,1,30,1,2,2,4,4,1,6,1,1,47,23,1,11,0.432154266
1,2,4,1,30,1,0,80,2,1,2,4,2,1,5,1,3,5,4,4,4,3,3,3,7,27,1,1,0.341164062
1,5,4,1,46,1,0,68,3,3,1,4,4,1,50,2,3,3,5,3,3,6,5,1,7,49,1,15,0.920166135
2,2,4,1,71,1,1,38,4,4,8,4,4,1,50,2,3,3,4,3,1,6,4,1,33,34,1,15,0.503497879
2,4,5,1,60,1,0,39,3,1,8,6,1,1,50,1,2,2,1,2,1,3,1,1,3,35,1,11,0.3930594
2,3,1,1,69,1,0,20,4,4,1,2,1,1,74,1,2,3,3,2,1,3,1,1,36,24,1,13,0.631508565
1,3,4,1,49,1,0,80,3,1,6,6,2,1,4,1,1,1,3,2,1,3,1,1,10,15,1,9,0.631671616
1,4,5,1,50,1,0,60,4,4,1,6,4,1,49,1,3,3,1,2,1,1,3,1,33,31,1,13,0.503497879
2,2,4,1,90,1,0,90,4,4,6,4,4,1,50,1,4,3,4,1,1,3,1,1,14,19,1,11,0.538743107
2,3,7,1,60,1,0,28,3,3,8,3,2,1,71,1,2,1,4,2,1,6,1,1,10,17,1,16,0.74043831
1,6,4,1,60,1,0,40,3,1,6,4,2,1,17,1,2,4,4,2,1,4,1,1,6,16,1,16,0.673454506
1,4,5,1,45,1,0,91,2,1,6,6,1,1,20,1,1,1,4,2,1,3,1,1,33,16,1,14,0.73595321
1,2,5,1,95,1,0,60,1,2,1,5,2,1,50,2,2,3,4,4,1,6,5,4,26,46,5,14,2.947343188
2,3,5,1,76,1,0,40,4,4,8,5,3,1,65,1,3,2,4,2,1,6,1,1,50,18,1,12,0.538743107
2,3,1,2,68,1,0,71,1,1,8,1,1,1,26,1,2,2,3,2,1,3,5,3,27,37,5,2,0.797267752
2,2,9,1,50,1,0,70,1,1,1,7,2,2,14,2,3,5,4,1,2,6,3,1,6,21,1,10,0.3930594
1,5,7,1,60,1,0,65,3,3,1,7,3,1,39,1,3,4,4,2,1,3,3,3,44,34,1,16,0.506566333
2,6,1,1,60,1,0,24,3,3,2,1,1,1,36,1,1,1,2,2,1,4,1,1,48,24,1,19,1.185001802
1,2,4,1,70,1,0,40,1,1,1,4,2,1,20,1,1,2,4,1,1,3,1,2,41,39,1,10,0.789782315
2,3,9,1,80,1,2,84,1,4,1,6,3,1,33,1,4,2,4,2,2,6,1,1,23,40,1,6,0.984578453
1,1,7,1,60,1,0,49,3,1,6,6,2,1,50,1,2,1,4,1,1,3,5,1,10,31,1,8,0.432154266
2,2,1,1,75,1,0,100,1,4,8,2,2,1,71,1,3,3,3,2,1,3,1,1,5,26,1,16,0.460739774
2,5,6,1,81,1,0,79,3,2,1,4,2,1,39,1,3,4,4,1,1,6,3,1,33,24,1,12,0.429536552
2,2,4,1,80,1,0,73,2,4,1,8,3,1,23,2,2,2,3,3,4,6,1,3,31,27,1,13,0.503497879
1,3,2,1,80,0,0,40,3,3,7,4,2,1,4,1,2,3,4,1,1,6,5,1,34,60,1,12,4.87722426
1,1,1,2,94,1,0,100,3,2,6,8,2,1,3,1,2,1,4,1,2,6,3,3,36,14,2,2,1.597277216
2,2,5,1,50,1,0,100,4,3,1,6,4,1,16,2,4,5,4,1,1,6,5,3,22,62,1,14,5.000077765
2,5,3,1,65,1,1,37,2,2,2,3,2,1,33,1,3,3,2,2,2,1,1,2,31,46,3,12,2.004710154
2,3,6,1,50,1,0,50,3,4,2,6,2,1,40,1,2,2,4,4,1,3,1,1,5,35,1,20,0.4725944
1,2,4,1,70,1,1,79,1,1,1,5,3,2,20,2,4,4,4,3,3,6,1,1,22,40,1,14,0.920166135
2,6,4,1,65,1,0,45,3,3,8,4,2,2,8,2,2,4,4,2,1,3,5,1,47,18,1,1,0.343243209
1,2,9,1,74,1,10,87,4,3,7,5,5,1,53,3,3,3,3,4,4,6,6,5,5,48,5,3,1.457044443
1,2,5,1,80,1,0,61,3,3,6,5,2,1,19,2,2,4,4,2,2,6,1,1,10,8,1,9,0.631671616
2,4,2,2,44,1,1,58,1,1,2,2,2,2,38,1,2,1,2,1,1,2,5,1,11,56,2,1,1.601966451
1,3,4,1,43,1,0,62,1,1,6,4,1,1,2,1,3,5,4,2,1,3,4,1,16,17,1,13,0.923063978
2,2,3,1,70,1,0,40,1,1,2,4,3,2,19,2,3,2,4,4,4,1,3,3,36,29,1,3,0.427902551
2,2,1,2,70,0,1,98,3,3,9,5,4,3,18,2,4,6,4,1,2,6,3,4,43,26,1,1,0.343243209
2,5,2,1,90,1,0,60,3,3,4,5,2,2,60,2,2,3,3,1,4,6,1,1,50,24,1,7,0.538743107
2,6,2,1,80,1,0,65,3,3,2,4,4,1,3,1,3,2,4,1,1,6,3,1,5,19,4,12,1.003785803
1,2,4,2,71,0,0,23,3,3,4,6,4,1,50,1,4,3,4,3,3,6,5,3,17,41,1,2,0.782012106
1,3,7,1,49,1,0,100,3,3,1,6,2,1,0,1,1,1,4,2,1,3,1,1,10,27,3,16,1.293657126
1,3,7,1,39,1,0,61,3,3,6,7,2,1,29,1,2,3,4,2,2,6,1,1,5,11,1,3,0.456324613
2,3,1,1,75,1,1,93,3,1,8,1,3,1,1,1,3,1,4,2,2,3,1,3,18,23,1,11,0.432154266
1,2,1,1,75,1,0,70,3,3,1,7,4,1,45,1,4,3,4,4,4,1,1,1,47,31,1,7,0.432154266
2,2,4,1,60,1,0,32,1,1,1,4,3,1,8,1,4,1,4,2,1,3,1,1,36,35,1,13,0.631508565
2,3,1,2,76,1,0,40,3,3,9,1,4,1,59,2,4,1,4,1,1,6,5,1,5,46,2,2,1.457044443
1,2,4,1,50,1,0,70,3,3,1,6,2,1,10,1,2,2,4,2,1,3,1,1,44,36,3,12,1.103625348
2,3,7,1,90,1,3,55,3,1,1,4,2,1,27,1,3,1,4,1,1,3,5,1,39,32,1,11,0.429536552
2,3,7,1,77,1,0,25,3,3,4,4,1,1,29,1,2,1,4,1,2,3,1,1,47,37,1,11,0.432154266
1,5,6,1,60,1,0,35,3,1,1,5,1,1,45,1,3,2,3,1,2,1,1,1,19,18,1,14,0.506566333
1,2,4,2,51,0,3,60,1,1,2,2,4,2,59,2,2,2,1,3,3,3,5,1,18,46,1,6,0.789782315
1,3,1,1,81,0,0,80,3,3,1,4,3,1,80,1,3,6,1,1,1,6,3,1,5,25,1,10,0.3930594
2,5,5,1,81,1,0,40,3,4,1,6,2,1,19,1,2,3,4,2,1,3,1,1,3,26,1,16,0.460739774
1,2,5,1,40,1,2,60,2,4,1,5,1,1,20,1,2,1,3,1,1,6,1,1,38,23,1,13,0.460739774
2,5,3,1,40,1,0,61,3,1,5,6,2,1,61,1,2,4,3,2,1,6,1,1,18,26,1,10,0.432154266
1,2,7,1,60,1,1,50,3,1,1,6,4,1,60,1,2,2,4,2,2,1,1,1,15,32,1,9,0.538743107
1,3,6,1,70,1,2,70,1,2,1,6,2,1,31,1,2,4,4,2,1,3,1,1,31,38,1,12,0.784998321
2,3,4,1,86,1,0,80,1,3,1,4,2,1,26,1,2,1,4,1,4,6,3,3,34,32,1,10,0.432154266
1,4,6,1,100,1,0,95,3,3,1,6,2,1,1,1,2,1,2,1,1,3,2,1,43,35,1,10,0.432154266
2,2,4,1,19,1,0,19,2,3,2,5,2,1,38,1,3,3,4,2,1,3,5,1,19,22,1,4,0.343243209
1,2,4,1,40,1,0,75,2,2,2,4,4,1,0,1,2,2,4,2,1,3,1,1,37,32,1,11,0.432154266
1,2,4,1,60,1,3,82,1,1,3,4,4,1,0,2,3,2,4,4,4,6,3,3,43,54,1,4,0.627293163
1,3,1,1,79,1,0,95,3,2,6,2,1,1,5,1,1,5,2,2,1,3,3,4,28,21,1,3,0.427902551
2,5,2,1,37,1,0,36,3,3,6,3,3,1,21,1,3,2,3,1,2,6,2,1,36,22,1,9,0.538743107
2,1,9,3,80,0,0,50,1,1,9,3,4,2,40,2,3,3,4,1,1,1,2,1,31,27,1,5,0.341164062
1,2,4,1,70,1,0,40,3,2,1,4,4,1,89,1,3,2,4,2,1,3,5,3,22,29,1,12,0.429536552
1,5,1,1,100,0,0,60,3,1,1,1,1,1,50,1,2,3,4,2,1,3,5,1,24,52,1,1,0.782012106
2,3,4,1,30,1,1,35,3,1,6,6,2,1,2,1,2,2,4,2,1,3,1,1,48,11,1,12,0.574527399
2,3,7,1,50,1,0,80,3,3,8,6,1,1,6,1,1,1,4,2,1,3,1,1,11,28,1,17,1.302865633
1,2,6,1,81,1,0,80,3,3,2,5,2,1,40,1,3,2,4,1,1,6,1,1,39,14,1,14,0.73595321
2,3,6,1,80,1,1,50,1,1,1,4,4,2,50,2,3,3,4,2,4,3,1,3,39,49,3,3,1.592262766
2,3,3,1,65,1,2,75,1,1,8,4,2,1,2,1,2,1,3,2,1,6,5,3,24,52,1,1,0.782012106
2,2,4,1,80,1,0,70,1,4,1,4,3,1,20,1,4,3,4,1,2,6,3,1,10,23,1,9,0.432154266
2,2,4,1,90,1,0,100,1,1,2,3,1,1,1,1,2,1,4,1,4,3,4,1,36,30,1,11,0.538743107
2,2,4,1,60,0,2,60,1,2,2,4,4,2,26,2,4,2,4,1,4,6,1,3,47,58,1,10,4.87722426
2,2,1,1,70,1,0,81,1,4,4,3,2,2,8,2,2,5,4,2,1,3,1,1,39,31,1,10,0.429536552
2,2,4,1,59,1,1,53,1,4,8,5,4,1,80,1,3,2,4,1,1,3,1,3,10,45,2,12,2.016927406
1,2,4,1,90,1,0,80,4,3,7,4,2,2,50,2,3,3,4,4,4,6,3,3,36,29,1,1,0.427902551
1,2,5,1,47,1,0,30,1,2,8,6,3,2,50,2,3,3,3,4,4,3,1,3,43,23,1,8,0.432154266
2,5,2,1,74,1,2,40,1,4,2,2,3,1,29,1,2,3,4,2,4,1,1,4,5,33,1,10,0.3930594
1,2,4,1,80,1,0,69,3,1,4,4,3,2,60,2,2,2,4,2,2,6,3,3,25,23,1,5,0.343243209
1,5,7,1,50,1,0,20,3,3,6,6,3,1,15,1,3,3,4,2,1,3,1,1,39,15,1,13,0.73595321
1,4,4,1,86,1,0,34,3,3,2,4,4,1,27,1,3,3,4,2,1,3,1,1,38,21,1,18,1.185001802
2,5,7,1,60,1,3,73,2,1,8,7,3,1,13,1,2,3,4,4,1,6,1,1,44,44,1,19,2.38104843
1,5,1,1,90,0,0,51,3,3,6,2,2,1,40,1,3,3,1,2,1,3,5,3,29,33,1,13,0.460739774
1,6,3,1,35,1,0,38,1,2,2,3,3,1,40,1,2,3,4,2,1,3,1,1,46,29,1,16,0.503497879
1,3,5,1,55,1,0,22,3,3,6,3,2,1,52,1,2,2,4,2,1,3,5,1,10,16,1,11,0.631671616
1,5,2,1,59,1,2,56,3,3,1,6,1,1,50,1,3,2,1,1,1,3,1,1,5,36,4,14,1.176626343
2,1,4,1,51,1,2,80,1,4,8,8,5,1,59,1,5,2,5,4,4,6,6,5,15,60,1,1,4.829240087
2,5,2,1,81,1,1,40,4,4,1,4,5,1,65,1,5,3,3,1,4,6,1,1,39,44,1,17,2.366625567
1,4,4,2,61,1,0,35,1,1,4,5,3,1,9,1,3,2,4,1,1,3,1,1,39,21,3,14,1.285820981
2,2,4,1,72,0,0,80,3,3,1,6,2,1,40,1,2,3,4,1,1,6,5,1,22,29,1,12,0.429536552
1,2,2,1,58,1,1,81,1,2,1,6,3,1,32,1,3,3,4,2,1,6,1,1,39,32,1,15,0.503497879
1,3,4,1,60,0,0,89,4,3,6,4,3,1,39,1,2,2,4,2,1,6,4,1,26,16,1,11,0.787470485
2,3,2,1,91,1,0,60,2,1,1,4,3,1,50,1,2,3,4,4,4,6,5,3,10,44,2,11,2.016927406
2,2,4,1,21,0,0,27,3,3,8,8,4,1,22,1,4,3,4,3,1,3,1,1,22,32,1,13,0.503497879
2,2,4,1,85,1,0,19,3,3,8,4,2,1,100,1,2,3,3,2,1,3,1,1,22,16,1,13,0.73595321
1,5,2,1,40,1,0,80,3,3,6,5,3,1,6,1,3,2,4,2,1,3,1,1,33,23,1,16,0.503497879
2,6,2,1,71,1,2,60,1,1,8,3,2,1,20,2,2,1,4,4,4,3,1,1,14,47,1,11,0.984578453
1,2,4,1,27,1,0,97,3,3,6,4,2,1,10,1,3,5,4,4,4,1,1,1,23,15,1,14,0.923063978
2,5,3,1,60,1,0,60,4,4,4,4,2,1,3,1,3,3,4,2,1,3,1,1,22,38,1,16,0.920166135
1,6,7,1,50,1,0,11,3,3,1,6,1,1,36,1,4,2,4,2,1,3,1,1,6,20,1,17,1.185001802
2,3,7,1,91,1,0,97,3,3,8,7,2,1,1,1,3,1,4,2,1,3,2,1,10,26,1,2,0.343243209
1,2,5,1,80,1,0,10,1,2,8,4,4,2,40,2,4,3,4,4,4,6,1,3,36,24,1,14,0.631508565
1,5,2,1,86,1,0,60,3,3,6,5,3,1,7,1,3,5,4,2,1,6,1,1,39,15,1,11,0.627845355
2,2,5,1,70,1,0,50,3,1,6,4,2,2,40,2,3,3,4,1,2,6,3,3,7,14,1,7,0.627845355
2,2,1,2,14,0,0,33,3,3,5,7,4,2,44,2,4,4,4,3,1,5,5,5,53,46,1,20,0.973295269
2,2,4,1,70,1,0,90,1,1,8,8,3,2,9,2,3,2,4,2,4,6,1,1,15,31,1,13,0.631508565
2,5,2,1,87,1,0,44,3,3,1,4,3,1,27,1,3,4,4,2,1,3,5,1,24,28,1,14,0.631508565
2,1,1,1,6,1,0,50,3,1,9,2,3,1,42,2,3,3,4,1,4,6,3,3,18,34,1,1,0.343243209
1,3,4,1,82,1,2,33,1,1,1,4,2,1,29,1,2,2,4,2,1,6,1,1,24,25,1,13,0.631508565
2,2,7,1,71,1,0,100,1,2,4,4,2,1,9,1,2,2,4,1,1,6,5,1,10,56,1,10,0.789782315
1,3,9,1,50,1,0,62,1,1,6,4,3,2,48,2,3,3,3,3,3,4,1,1,44,19,1,1,0.343243209
1,6,1,1,61,1,0,100,3,3,2,1,1,1,30,1,2,1,3,2,1,3,1,1,31,17,1,20,0.754888953
1,2,2,1,60,1,0,87,3,3,5,4,2,1,20,1,2,5,4,2,1,3,5,1,36,28,1,1,0.427902551
2,2,2,1,90,1,0,100,1,1,1,4,2,1,2,1,2,1,4,1,1,6,3,1,33,12,1,12,0.627845355
2,4,7,1,75,1,0,50,3,1,9,7,3,1,40,1,4,3,3,4,1,3,1,3,14,26,1,9,0.538743107
1,2,4,1,10,1,0,80,3,3,1,8,3,3,2,2,3,3,4,3,3,6,5,1,45,45,1,6,0.718334602
1,3,2,1,80,1,1,71,1,1,6,6,2,1,80,1,2,1,1,1,1,1,3,2,36,27,2,10,1.375829411
1,2,1,1,90,1,0,100,3,3,4,1,4,1,100,1,2,1,1,4,4,6,4,1,44,32,1,20,0.519600055
1,2,9,3,9,1,0,40,4,1,7,8,4,2,30,2,2,3,4,4,4,6,5,4,27,64,1,4,3.523345699
2,4,2,1,70,1,0,56,3,3,6,4,2,1,41,1,1,1,4,2,4,6,3,3,24,20,1,3,0.427902551
2,4,3,1,81,1,0,60,1,1,2,3,3,1,50,1,3,2,4,2,1,6,5,3,44,34,1,7,0.432154266
2,2,4,1,44,1,1,68,1,1,1,5,2,1,46,2,2,3,2,3,3,6,1,3,47,45,1,11,0.789782315
1,2,5,1,40,1,0,60,3,3,1,4,3,1,39,1,3,5,4,1,1,6,1,1,22,18,1,17,1.294973709
2,3,2,1,60,1,0,40,3,2,2,3,2,1,42,1,2,3,3,1,1,3,2,3,22,10,1,14,0.73595321
2,2,4,1,34,1,0,68,3,4,1,4,4,2,10,2,3,2,4,4,4,6,5,1,39,42,1,20,0.943841593
2,6,4,1,50,1,0,2,3,3,1,4,3,1,40,2,3,2,4,1,1,3,5,3,10,39,1,12,0.789782315
1,1,4,1,48,0,0,36,3,3,4,7,4,2,40,1,3,1,4,3,4,6,3,3,19,43,2,2,1.601966451
1,5,1,1,39,1,0,10,3,4,1,4,3,1,26,1,1,3,1,2,1,3,3,3,44,24,2,20,1.326942338
2,4,6,1,72,1,0,81,3,0,1,5,2,1,50,1,2,2,2,2,2,1,1,3,5,37,4,15,1.176626343
1,3,5,1,43,1,0,98,3,1,1,7,1,1,1,1,4,1,4,2,1,3,1,1,43,25,1,10,0.432154266
1,2,9,2,58,1,0,32,3,3,1,8,1,3,42,2,1,6,4,4,4,6,5,4,1,51,5,1,1.601966451
2,6,2,2,70,1,0,72,3,3,6,4,3,1,60,1,3,3,4,2,2,2,5,3,31,49,2,4,1.592262766
1,4,7,1,60,1,0,99,3,1,6,7,3,1,80,1,2,1,2,2,1,3,1,1,34,20,1,13,0.506566333
2,3,7,1,50,1,0,81,1,1,6,7,1,1,52,1,2,1,4,2,1,3,1,1,36,22,1,8,0.538743107
2,3,4,1,74,1,2,91,3,1,6,5,1,1,3,1,2,2,4,1,1,6,1,1,36,32,1,12,0.538743107
1,2,9,1,100,1,13,100,1,1,7,1,1,1,20,1,3,2,1,1,2,6,6,1,18,52,2,19,5.000009728
1,2,7,1,30,1,0,41,3,3,6,6,2,1,5,1,3,1,4,2,1,3,2,1,10,1,1,10,0.631671616
2,2,4,1,43,1,0,68,4,3,2,8,2,3,17,2,3,5,4,4,4,6,5,4,5,56,1,20,0.570545043
2,4,7,1,60,1,0,79,3,3,6,6,3,1,29,1,2,3,3,4,4,6,1,1,48,7,1,10,0.574527399
2,5,1,2,81,1,0,20,1,2,9,2,1,1,91,1,2,1,4,2,1,4,5,1,34,37,1,5,0.343243209
1,5,4,1,40,1,0,31,3,1,6,4,4,1,19,1,4,4,4,2,1,3,2,3,23,16,1,1,0.625456966
2,2,4,1,81,1,1,61,2,3,1,8,4,1,52,2,3,4,4,4,4,6,6,5,37,31,1,7,0.432154266
1,2,4,1,92,1,0,67,2,2,1,8,2,1,74,2,2,3,2,1,1,2,1,1,27,45,1,6,0.718334602
2,3,7,1,50,1,0,61,3,3,6,6,2,1,3,1,3,5,4,2,1,3,1,1,5,15,5,16,1.719852197
2,4,7,1,34,1,0,100,3,1,6,6,1,1,10,1,1,2,1,2,2,3,1,1,47,17,1,8,0.631671616
1,6,1,1,60,1,0,40,3,3,1,1,1,1,30,1,1,2,1,2,1,3,5,3,14,47,1,13,1.154111704
2,2,9,1,95,0,0,100,3,4,6,8,4,2,4,2,4,3,4,3,3,6,2,1,18,13,1,1,0.501712027
2,5,1,1,60,1,0,21,3,4,8,2,2,1,60,1,2,6,4,4,4,6,1,3,5,52,1,16,0.84202368
2,5,4,1,50,0,2,38,1,2,5,4,2,1,51,1,2,3,2,3,3,1,5,2,10,49,2,12,2.016927406
1,5,4,1,77,1,0,62,1,1,6,3,4,2,36,2,3,1,4,4,4,6,3,1,49,26,1,4,0.343243209
2,5,2,1,89,1,2,14,1,3,2,2,3,1,65,1,2,2,3,2,1,3,1,2,5,32,1,16,0.460739774
2,3,7,1,96,1,0,100,3,3,9,7,2,1,39,1,4,5,4,2,1,3,1,1,1,26,1,11,0.432154266
2,5,6,2,63,1,0,89,4,2,2,6,1,1,0,1,2,2,3,1,2,6,5,3,36,45,2,1,1.997084031
1,2,2,1,29,1,0,86,3,4,6,7,2,1,19,1,3,4,4,2,1,6,1,1,39,6,1,4,0.498672977
1,2,1,1,63,1,0,22,3,3,2,4,1,1,53,1,1,1,1,1,1,3,5,3,34,52,2,1,1.601966451
2,5,2,1,100,0,1,81,2,2,1,3,2,1,39,1,2,2,4,1,2,6,1,1,30,48,1,12,0.784998321
1,6,1,1,64,1,0,35,3,2,6,2,1,1,20,1,1,1,3,2,1,3,1,1,33,10,3,19,4.833885646
1,1,4,2,10,0,0,0,3,3,1,8,5,2,6,2,5,4,3,4,4,6,6,4,33,59,1,2,3.850323301
2,5,6,1,75,1,0,32,3,4,1,5,3,1,38,2,3,3,4,1,2,3,5,4,41,33,1,12,0.432154266
2,4,2,1,90,1,0,60,3,2,6,6,4,1,49,1,4,3,4,2,2,6,1,1,23,17,1,12,0.787470485
2,2,7,1,100,0,0,50,1,1,4,6,4,1,100,1,3,1,4,1,1,6,3,3,47,33,2,20,1.326942338
1,6,2,1,60,1,0,40,3,3,1,3,2,1,30,2,1,4,4,1,1,3,1,1,41,21,1,19,1.302865633
2,5,4,1,71,1,3,97,4,4,1,4,2,1,0,1,1,1,1,2,1,3,5,1,7,38,1,20,0.943841593
1,3,3,1,75,1,0,80,3,2,1,4,3,1,75,2,3,2,4,1,1,6,1,2,26,22,1,12,0.538743107
2,2,9,2,80,1,0,60,2,2,8,1,4,2,20,2,3,2,4,4,4,6,2,1,1,30,5,1,0.876566393
1,5,1,1,74,1,0,14,3,3,1,1,3,1,64,1,3,3,4,2,1,6,5,4,22,54,1,12,0.784998321
2,2,5,1,31,1,0,47,1,4,5,6,3,1,40,1,3,2,4,2,1,3,1,1,14,27,1,9,0.538743107
2,5,1,1,69,1,0,9,1,3,4,4,2,1,25,2,3,2,4,1,2,6,5,4,23,29,2,12,1.375829411
2,6,1,1,61,1,1,61,2,1,1,4,3,1,40,1,3,3,4,2,1,6,5,3,23,46,2,12,2.514393178
2,2,4,1,81,1,0,81,1,1,5,8,4,1,36,2,2,4,4,4,4,6,3,1,14,24,1,4,0.427902551
1,5,6,1,90,1,1,15,3,1,1,4,3,1,70,1,2,4,4,2,1,3,1,1,33,21,1,18,1.294973709
1,5,2,1,61,1,0,68,2,3,1,7,4,2,47,2,1,2,4,1,1,1,5,1,5,52,1,12,0.718334602
1,5,7,3,49,0,0,40,1,3,2,6,5,1,11,1,1,1,1,2,1,3,5,3,5,44,4,20,2.205667448
2,2,2,1,81,1,2,60,1,4,1,3,2,1,21,1,3,2,4,1,4,6,1,1,4,46,1,16,0.92577388
1,6,3,1,49,1,2,20,4,2,1,4,2,1,61,2,2,2,2,1,4,6,1,1,47,40,1,13,0.92577388
2,3,7,1,91,1,2,61,1,3,8,7,1,1,6,1,2,1,4,2,1,3,1,1,14,41,1,14,1.154111704
2,5,9,1,61,1,0,40,3,3,1,4,1,1,39,1,2,4,4,2,1,3,3,3,14,24,1,14,0.631508565
2,5,1,1,80,1,4,50,3,3,1,2,1,1,40,1,2,2,4,1,1,6,1,1,14,48,2,18,5.0000153450000004
2,2,6,1,51,1,0,41,3,3,6,5,2,1,53,1,4,2,4,4,2,6,1,1,23,17,1,12,0.787470485
1,6,4,1,82,1,2,49,4,4,1,4,2,1,28,1,2,3,4,2,1,3,1,1,33,33,1,19,1.294973709
1,2,4,2,70,1,0,40,4,1,8,4,3,2,50,2,2,2,4,1,1,6,5,1,39,38,1,11,0.784998321
2,2,4,1,40,1,0,96,3,2,6,4,2,1,60,2,2,4,4,4,4,6,1,1,15,23,1,9,0.538743107
2,3,1,1,64,1,1,12,1,3,1,2,3,1,80,1,2,4,4,2,1,3,1,1,36,43,1,13,1.154111704
2,2,4,1,96,1,0,51,1,1,4,6,2,2,23,2,1,2,4,1,1,3,1,1,44,21,1,11,0.432154266
1,5,4,1,40,1,0,81,3,1,6,5,2,1,40,1,2,5,1,2,1,6,1,1,32,7,1,12,0.574527399
2,1,4,1,51,1,1,100,1,1,2,4,3,2,0,2,2,3,4,4,4,6,5,4,24,52,1,3,0.782012106
1,5,7,1,20,1,0,39,3,3,6,7,1,1,29,1,1,2,2,2,1,3,1,1,41,7,1,13,0.74043831
1,2,5,1,100,1,0,35,3,1,6,6,2,1,40,1,2,5,4,2,1,3,1,1,10,11,1,9,0.631671616
1,2,2,1,80,1,0,39,4,1,9,4,3,3,49,2,3,3,4,2,1,3,3,3,44,26,1,5,0.343243209
1,2,4,1,67,1,0,86,1,1,2,4,1,2,30,2,2,3,4,1,2,1,5,1,23,55,1,3,0.782012106
3,6,1,1,100,1,0,5,3,1,1,1,1,1,80,1,1,3,2,2,1,3,1,3,5,45,1,19,2.165646716
1,6,1,1,50,1,0,30,3,1,1,1,2,1,61,1,3,1,4,1,4,6,5,1,11,23,1,18,1.302865633
1,2,9,1,59,1,0,61,3,4,5,8,4,2,20,2,4,6,4,4,4,6,1,3,44,28,3,12,1.103625348
1,4,2,1,51,1,0,60,3,4,1,4,4,1,21,1,4,4,1,2,1,6,3,3,44,32,2,12,1.103625348
2,2,1,3,77,1,0,69,3,3,6,2,5,1,20,1,3,1,4,2,2,6,3,1,5,13,1,1,0.456324613
1,4,1,1,81,1,0,20,3,1,4,4,3,1,50,1,3,3,4,2,1,6,1,3,5,28,1,13,0.460739774
2,2,4,1,30,1,0,20,3,1,8,5,1,1,31,1,1,2,4,4,1,6,1,1,46,23,1,9,0.429536552
1,2,4,1,50,1,2,30,1,1,1,4,3,1,19,1,3,4,1,2,1,6,1,1,31,38,1,14,0.920166135
2,6,7,1,70,1,0,97,3,4,1,6,2,1,5,1,1,2,3,2,1,3,5,3,15,52,1,11,0.984578453
2,5,4,1,80,1,2,60,1,1,1,4,1,1,94,1,1,1,1,1,1,1,1,1,10,52,1,18,2.38104843
2,5,7,1,30,1,0,60,3,1,6,6,2,1,19,1,1,1,4,2,1,3,1,1,43,20,1,17,1.302865633
4,5,5,1,100,1,0,57,3,1,9,6,2,1,6,1,3,1,4,2,1,3,1,1,3,29,1,18,1.185001802
2,6,1,1,75,1,0,51,3,3,6,2,2,1,38,1,2,3,3,1,1,3,2,1,36,18,1,11,0.538743107
2,3,4,1,50,0,1,40,4,4,8,8,5,3,99,3,5,6,5,4,4,6,5,3,25,37,7,1,0.876566393
2,2,3,1,70,1,0,41,3,4,8,3,4,1,13,1,3,2,4,2,1,3,1,1,22,34,1,14,0.503497879
1,2,4,1,85,1,1,5,1,1,4,4,4,1,60,2,4,2,4,2,1,6,5,1,36,22,1,11,0.538743107
1,5,4,1,40,1,0,40,3,3,6,6,2,1,50,1,3,3,4,2,1,3,1,3,5,15,1,12,0.574527399
2,1,4,2,100,0,4,100,4,4,10,8,5,3,99,3,5,6,5,4,4,6,1,2,36,48,1,3,0.782012106
2,2,1,1,80,1,0,45,3,4,6,2,4,1,19,1,3,3,4,2,1,3,2,3,39,15,2,2,1.273499261
1,2,7,1,35,1,0,40,3,2,1,6,1,1,9,1,2,1,4,2,1,3,1,1,11,27,1,15,0.506566333
2,5,2,1,76,0,0,42,3,3,4,3,2,1,30,1,3,3,4,1,1,1,5,1,37,56,5,10,2.016927406
1,2,5,1,70,1,0,50,1,1,1,3,3,1,31,1,3,4,4,1,1,1,1,1,39,25,1,14,0.503497879
1,5,2,1,81,1,0,40,4,1,1,2,3,1,0,1,3,1,4,2,1,3,5,1,15,31,1,11,0.538743107
1,5,7,1,72,1,2,59,2,2,1,7,2,1,39,1,2,2,1,4,4,3,5,1,47,43,1,19,2.38104843
1,2,4,1,54,1,0,39,3,3,9,6,4,2,20,2,3,3,4,2,1,6,3,3,44,24,1,3,0.343243209
1,6,7,1,70,1,2,19,3,3,1,6,3,1,19,1,3,1,4,2,1,2,1,1,5,39,1,19,2.165646716
1,2,4,1,60,0,0,61,1,2,1,3,4,2,40,2,2,3,4,1,1,6,3,1,50,25,1,12,0.538743107
2,3,2,1,86,1,0,61,1,1,9,4,2,1,33,1,1,1,4,1,1,3,1,1,29,22,1,10,0.3930594
2,5,7,1,70,1,0,60,3,1,1,6,2,1,0,1,3,1,4,4,4,6,1,4,19,27,1,12,0.432154266
1,5,1,2,60,1,0,20,3,3,6,1,1,1,40,1,3,2,4,2,1,3,1,3,44,16,1,7,0.631671616
2,4,2,1,71,1,0,100,3,4,6,4,5,1,2,2,5,6,5,4,4,6,1,3,5,11,1,20,0.690782185
2,2,4,2,86,1,0,60,1,1,8,3,3,2,39,2,2,4,4,2,4,6,4,4,11,25,1,9,0.432154266
1,5,7,1,50,1,0,80,4,3,2,6,3,1,5,1,2,2,4,2,1,3,1,1,31,22,1,13,0.503497879
1,2,2,1,90,1,0,20,1,1,1,3,4,1,88,1,3,4,4,2,1,4,1,3,36,30,1,12,0.538743107
1,6,2,1,50,1,0,40,3,2,1,4,1,1,31,1,2,2,4,2,1,3,1,1,47,19,1,16,0.506566333
1,5,1,2,45,0,1,41,4,4,4,1,3,2,43,2,3,3,3,1,1,6,5,1,36,50,1,20,1.183806476
2,3,7,1,42,1,0,70,3,1,1,7,2,1,20,1,2,2,3,2,1,3,3,1,34,23,1,14,0.506566333
1,6,2,1,37,1,2,33,3,3,1,4,2,1,45,1,3,3,4,2,2,6,1,1,33,39,1,19,2.366625567
2,2,4,1,81,1,0,81,1,1,6,8,4,1,50,2,3,5,3,4,4,6,2,2,17,24,1,9,0.538743107
1,5,1,1,100,1,2,5,1,1,1,1,2,1,40,1,2,1,4,2,1,3,5,2,50,58,4,19,5.000095431
1,2,6,1,80,1,0,60,3,3,1,4,3,1,40,1,3,3,4,1,1,3,5,1,5,32,1,12,0.3930594
1,2,1,1,89,1,0,33,3,2,1,2,2,1,60,1,3,2,4,2,1,6,5,3,48,35,4,9,1.003785803
2,2,9,1,83,1,5,65,1,1,2,4,1,1,97,1,2,1,1,3,3,3,1,1,5,53,3,11,1.834465926
1,1,4,1,76,1,3,85,1,1,1,6,4,1,70,1,1,2,4,2,1,6,1,1,53,36,5,10,1.131171593
2,2,4,1,91,1,4,60,1,2,9,5,4,1,4,1,4,1,4,4,4,6,4,3,5,32,1,11,0.3930594
2,3,2,1,60,1,0,40,4,4,1,4,4,1,40,1,3,3,4,1,1,6,1,1,10,25,1,16,0.506566333
1,2,2,1,71,1,2,40,3,2,6,7,2,1,20,1,2,2,4,2,2,3,1,1,39,25,1,12,0.429536552
2,3,4,1,71,1,0,80,3,2,5,4,3,1,2,2,2,1,4,1,1,3,3,3,5,24,1,5,0.312191688
2,3,2,2,61,1,0,10,4,1,9,8,4,2,50,2,5,3,4,4,4,6,3,3,23,35,1,1,0.427902551
2,3,1,1,80,1,0,49,3,3,6,2,1,1,1,1,2,2,4,2,1,3,3,1,33,10,1,12,0.627845355
2,5,1,2,71,1,0,2,3,3,6,1,1,1,83,1,2,1,4,2,1,3,5,1,33,28,1,13,0.503497879
2,2,2,1,70,0,0,81,2,1,9,2,4,1,27,1,3,2,4,1,1,6,1,1,18,36,1,5,0.343243209
2,2,4,1,75,1,1,90,4,4,2,4,4,1,20,1,4,3,4,3,4,6,1,1,22,28,1,17,1.294973709
2,3,1,1,66,1,3,40,1,1,2,2,2,1,20,1,3,2,4,1,1,6,1,1,39,26,1,13,0.503497879
2,6,1,1,61,1,0,30,3,1,6,2,1,1,40,1,1,1,2,2,1,3,3,1,17,15,1,11,0.787470485
2,2,4,1,49,0,0,39,3,3,7,4,3,1,41,2,3,2,2,1,2,1,4,3,5,59,3,3,5.000084473
2,2,1,1,98,1,2,100,1,3,4,4,2,1,100,1,2,1,1,1,1,6,1,3,5,35,1,6,0.3930594
2,3,6,1,73,1,0,59,3,1,6,4,2,1,39,1,2,2,4,2,1,6,1,1,42,12,1,13,0.923063978
1,2,4,1,73,1,0,40,2,4,9,8,4,2,3,2,4,3,4,1,1,1,5,3,39,33,1,1,0.341164062
2,6,1,1,78,1,1,92,2,3,1,2,3,1,1,1,3,3,1,1,2,6,1,1,50,44,1,13,1.154111704
2,3,4,1,79,1,0,40,2,3,1,4,3,2,41,2,4,3,4,3,3,6,1,1,5,47,3,17,5.000013911
2,2,4,1,70,1,0,90,3,3,6,6,4,2,0,2,3,4,4,1,1,6,1,1,5,6,1,11,0.574527399
2,2,7,1,49,1,0,20,2,1,6,6,2,1,19,1,2,4,4,1,1,6,1,1,38,17,1,13,0.673454506
2,5,4,1,51,1,0,53,3,1,1,7,1,1,0,1,1,1,1,2,1,3,1,1,44,9,1,20,0.759489452
1,6,2,1,89,1,0,45,3,3,5,5,3,1,63,1,3,3,4,1,2,6,5,1,37,28,1,17,1.302865633
1,3,7,1,66,1,2,91,1,3,1,6,2,1,28,1,3,2,4,2,1,3,1,1,10,45,1,17,2.38104843
1,2,4,1,10,1,0,81,3,1,2,6,2,1,5,1,3,3,4,2,1,4,3,2,34,25,1,8,0.432154266
1,6,6,1,71,1,3,60,3,3,1,6,4,1,30,1,3,4,4,2,1,3,1,1,8,47,1,17,2.38104843
2,5,2,1,51,1,0,39,3,2,1,2,3,2,41,2,3,1,4,1,1,6,5,3,44,53,1,12,0.789782315
1,3,3,1,62,1,0,20,3,1,6,4,4,1,68,1,1,5,4,2,1,3,3,1,21,16,2,7,1.613148041
2,3,2,1,82,1,0,19,3,2,2,3,2,1,43,1,2,3,3,1,1,6,3,3,5,16,1,13,0.673454506
1,5,1,1,70,1,1,25,2,2,1,2,1,1,10,1,2,4,4,2,1,3,1,1,39,33,1,15,0.503497879
1,5,6,1,81,1,0,20,3,3,6,4,3,1,52,1,3,4,4,2,1,1,1,1,29,26,3,15,1.176626343
2,4,3,1,34,1,0,51,3,3,1,3,2,1,55,1,2,2,2,1,1,6,5,3,5,42,4,12,1.834465926
2,6,1,1,71,1,1,10,1,1,1,2,2,1,51,1,2,2,3,2,1,3,1,2,21,35,2,19,3.327227455
1,2,4,1,75,1,2,90,1,1,1,4,2,1,1,1,3,2,4,1,1,6,1,1,3,37,1,13,0.460739774
1,3,1,2,60,1,0,19,3,3,9,3,3,1,39,1,3,2,4,2,2,3,5,3,15,24,1,7,0.538743107
2,5,4,1,50,1,0,80,1,1,2,2,2,1,40,1,2,1,4,4,4,3,1,1,15,39,1,4,0.782012106
2,2,9,1,83,0,0,100,3,3,1,8,4,2,2,2,4,1,5,2,4,6,5,2,10,61,3,12,5.000082764
1,2,4,1,70,1,0,40,2,4,1,6,4,2,40,2,4,2,4,1,2,3,5,3,10,49,1,9,0.789782315
2,2,7,1,39,1,0,80,3,3,6,6,1,1,40,2,2,2,4,1,1,3,1,1,10,16,1,13,0.74043831
2,2,4,1,96,1,1,79,1,4,2,2,4,2,33,2,4,3,4,4,4,6,1,1,36,43,1,10,0.984578453
1,4,3,1,90,1,0,24,1,2,3,4,1,1,59,1,2,4,4,1,1,6,1,1,14,20,1,12,0.538743107
1,1,4,1,90,1,0,60,3,3,6,6,3,1,40,2,4,3,4,3,3,6,3,1,47,20,1,3,0.343243209
1,5,6,1,51,1,0,31,3,4,4,6,2,1,19,1,2,4,4,2,1,1,1,1,44,23,1,14,0.506566333
2,1,4,2,81,0,2,66,1,4,9,3,2,1,42,2,2,2,2,1,2,6,3,4,15,33,1,12,0.538743107
1,2,9,3,12,0,0,12,4,4,10,8,5,2,0,3,5,6,5,4,4,6,1,5,31,54,2,4,1.592262766
1,5,9,1,81,1,2,92,4,4,1,2,4,1,15,1,4,5,5,4,4,6,1,3,34,38,1,12,0.789782315
2,4,4,1,71,1,0,52,3,2,6,4,2,1,29,1,2,4,1,1,1,3,1,1,5,17,1,10,0.574527399
1,2,4,1,100,1,1,81,1,2,1,4,2,1,1,2,2,1,4,1,1,6,1,1,33,29,1,11,0.429536552
2,5,3,3,70,1,0,30,2,4,2,2,3,1,30,2,3,6,4,1,4,1,5,1,5,16,1,3,0.456324613
1,2,4,1,80,1,1,81,2,2,4,2,3,1,63,1,2,3,2,2,1,3,1,2,11,51,4,4,1.601966451
1,3,5,1,49,1,0,60,3,3,1,7,1,1,6,1,2,1,3,2,1,3,1,1,36,27,1,17,1.624211387
2,5,6,1,80,1,0,66,1,3,6,4,1,1,76,1,3,2,4,2,2,1,3,1,44,20,1,1,0.343243209
2,2,7,1,80,1,1,60,1,3,1,7,3,1,19,1,3,2,4,2,2,6,3,3,43,19,1,7,0.432154266
2,3,1,1,81,1,0,40,3,4,2,1,5,1,40,2,3,4,1,4,4,6,5,3,5,57,1,20,0.718334602
2,3,7,1,70,1,0,40,4,3,6,4,3,1,19,1,2,1,4,1,1,6,1,1,41,13,1,6,0.631671616
2,3,3,1,81,1,0,22,3,1,2,4,2,1,56,1,2,2,4,2,1,3,1,1,47,17,1,13,0.74043831
1,3,6,1,30,1,1,60,1,3,1,3,1,1,40,1,1,4,4,2,1,3,1,1,5,28,1,19,1.185001802
1,2,6,2,70,1,0,92,3,1,6,6,4,1,0,2,2,2,4,2,1,3,5,4,37,31,1,3,0.343243209
1,2,7,1,92,0,0,81,3,3,2,6,3,1,49,1,2,3,4,2,2,6,1,3,30,13,1,11,0.627845355
2,2,1,1,81,1,0,60,3,1,8,2,4,2,20,2,2,1,4,1,2,6,1,1,15,27,1,15,0.631508565
1,4,2,1,60,1,0,40,2,3,6,3,3,1,60,1,2,3,4,4,4,6,1,1,32,1,1,16,0.673454506
2,5,3,1,82,1,0,19,3,3,2,3,2,1,71,1,2,2,3,2,1,6,1,1,47,22,1,11,0.432154266
2,2,4,1,91,1,3,99,1,4,8,4,1,1,2,2,2,1,4,1,4,3,1,1,16,48,1,12,0.984578453
2,2,4,1,84,1,0,50,1,4,2,8,3,1,68,2,4,6,4,4,4,6,3,3,6,47,1,1,0.570545043
1,2,1,1,66,0,1,80,2,2,2,1,1,1,46,1,2,2,2,1,1,3,6,1,16,43,1,20,1.183806476
1,5,4,1,91,1,0,30,3,3,1,4,2,1,80,1,1,1,4,2,1,3,5,1,31,43,1,13,0.920166135
2,5,2,1,78,1,3,35,4,2,1,3,2,1,32,1,2,2,2,1,1,6,1,1,5,43,4,13,2.15034017
2,3,1,1,91,1,0,80,4,4,6,2,1,1,5,1,1,1,2,1,2,3,1,1,50,16,1,12,0.787470485
1,1,4,2,80,1,0,99,1,2,9,6,4,2,17,2,4,5,4,3,3,6,1,3,34,31,1,1,0.343243209
1,2,4,1,51,1,0,60,3,3,2,4,2,3,1,3,3,6,4,1,1,3,1,3,10,35,1,13,0.506566333
2,6,4,1,45,1,0,50,3,3,6,4,2,1,40,1,4,2,3,1,1,3,1,1,22,16,1,19,1.892838277
1,3,1,2,50,0,0,60,3,3,4,1,4,1,0,1,4,3,4,1,1,6,5,1,10,46,1,7,0.789782315
2,3,2,1,78,1,2,20,1,2,1,8,4,1,28,2,3,3,4,1,4,6,5,3,11,42,1,7,0.789782315
1,5,1,1,91,1,1,18,1,3,1,2,4,1,38,2,4,4,4,4,1,6,1,1,39,45,1,17,2.366625567
1,4,1,1,60,1,0,98,3,3,1,7,1,1,5,1,1,5,1,2,2,6,1,1,39,26,1,12,0.429536552
1,2,4,1,88,1,0,42,3,3,1,4,2,1,57,1,3,3,4,1,1,6,1,1,10,14,1,12,0.631671616
1,2,5,1,81,1,0,61,1,2,9,6,2,1,50,1,1,1,2,2,1,6,3,3,22,23,1,5,0.341164062
1,5,2,1,65,1,0,15,1,1,1,4,3,1,65,1,2,2,4,1,1,3,5,1,31,29,1,13,0.503497879
1,2,4,2,99,0,0,100,4,2,5,4,3,2,20,2,4,3,4,3,3,1,5,3,23,56,1,1,0.782012106
2,4,7,1,91,1,0,80,3,2,5,6,3,2,30,2,2,3,4,1,1,6,1,1,41,20,1,12,0.432154266
2,3,6,1,29,1,0,71,3,1,6,6,2,1,32,1,2,2,4,2,1,3,1,1,34,7,1,14,0.74043831
2,2,4,1,87,0,0,52,3,3,6,4,2,1,54,1,3,3,4,1,1,6,2,1,22,15,1,5,0.498672977
1,4,7,3,90,0,1,15,3,3,7,6,2,1,10,1,3,2,4,1,2,3,5,3,3,63,2,12,5.000086947
1,5,1,1,93,1,0,63,4,4,1,2,5,1,0,1,2,3,4,2,1,3,5,3,21,51,2,13,2.364219449
2,3,2,2,81,1,0,41,2,3,6,2,3,1,5,1,2,1,4,1,1,3,3,3,50,11,1,1,0.625456966
1,5,7,1,100,1,0,27,3,1,1,7,2,1,36,1,1,2,4,2,1,3,6,1,34,46,1,11,0.789782315
1,1,4,1,60,1,0,60,3,1,6,6,1,1,20,1,2,2,4,3,1,1,1,2,16,14,1,7,0.787470485
2,3,2,1,67,1,0,12,3,2,6,4,2,1,55,1,2,3,2,2,1,3,1,1,26,20,1,14,0.631508565
1,4,2,1,93,1,0,100,3,1,1,4,3,1,2,1,3,1,1,2,2,1,4,1,47,28,2,8,1.103625348
2,2,1,1,50,1,0,40,2,1,4,2,2,1,40,1,2,2,4,1,1,6,3,1,29,23,1,12,0.3930594
1,2,4,1,80,1,1,60,2,3,2,6,2,1,20,2,2,2,4,4,4,6,1,1,39,35,1,7,0.429536552
1,3,4,3,56,1,0,53,4,3,9,8,4,2,62,2,5,3,5,4,3,6,5,5,33,42,1,1,0.623493423
2,5,4,1,90,1,0,58,3,3,8,7,4,1,1,1,2,1,4,2,1,3,5,4,50,34,1,8,0.538743107
1,2,4,1,86,1,0,60,3,1,1,4,4,2,12,2,3,3,4,1,1,6,1,3,10,31,1,11,0.432154266
1,2,4,1,70,1,1,49,4,4,8,3,2,1,47,1,2,4,4,2,1,1,1,3,5,29,1,12,0.3930594
2,4,6,1,71,1,0,30,3,1,1,4,3,1,49,1,3,3,4,1,1,6,1,3,5,41,1,14,0.84202368
1,2,4,1,81,1,0,41,3,3,6,6,3,1,40,2,4,3,4,3,4,6,5,3,33,20,1,10,0.429536552
4,5,7,1,91,1,0,81,2,3,6,7,3,1,50,1,3,1,4,2,1,3,1,3,47,13,1,12,0.631671616
1,5,4,1,97,1,0,11,3,3,1,4,2,1,50,1,2,3,4,1,2,6,1,1,31,27,1,19,1.294973709
2,4,2,1,80,1,0,19,4,4,6,3,4,3,49,2,3,4,2,4,4,3,1,1,41,24,1,18,1.302865633
1,5,4,1,91,1,0,88,3,3,1,5,2,1,1,1,2,2,4,1,2,3,5,3,7,21,1,9,0.429536552
1,3,7,1,9,1,0,81,3,3,6,7,1,1,40,1,1,2,4,2,1,3,1,1,24,17,1,17,2.374078686
2,4,7,1,80,1,0,100,3,1,1,7,1,1,0,1,1,1,3,1,1,3,1,1,4,26,1,3,0.343243209
1,5,2,1,75,1,1,30,3,1,1,2,2,1,56,1,2,2,4,4,1,3,1,1,39,30,1,13,0.503497879
2,3,6,3,70,1,0,60,2,4,4,4,3,1,20,1,2,1,3,2,1,3,3,3,15,22,1,1,0.427902551
2,5,3,1,76,1,0,8,3,2,6,4,2,1,60,1,2,4,4,2,1,3,1,1,14,20,1,19,1.624211387
1,2,4,2,47,0,0,27,3,3,7,8,4,2,97,2,4,6,4,4,4,6,6,4,3,47,5,1,1.457044443
1,2,4,1,50,1,0,80,3,3,6,7,1,1,20,1,1,1,2,2,1,3,1,1,31,16,1,15,0.73595321
1,2,4,2,75,1,0,19,3,3,6,6,4,1,2,1,3,2,4,2,1,3,2,3,44,13,1,4,0.501712027
1,4,7,1,40,1,0,40,1,1,1,5,4,1,30,1,3,1,4,2,1,6,3,1,34,14,1,11,0.631671616
1,5,1,1,80,1,0,29,4,4,6,1,1,1,98,1,1,2,2,2,1,6,3,1,10,10,2,13,1.890913852
1,4,7,1,39,1,0,90,3,1,6,7,1,1,9,1,1,5,3,2,1,3,1,3,44,14,1,11,0.631671616
1,2,4,1,91,0,0,60,2,3,7,4,4,1,59,1,3,3,3,1,2,6,5,2,43,57,1,10,0.789782315
2,2,4,1,71,0,0,100,3,3,1,5,4,1,50,1,4,3,4,4,4,6,1,1,14,25,1,1,0.427902551
1,6,5,1,40,1,0,39,3,1,6,6,2,1,40,1,2,2,4,2,1,3,1,1,41,9,1,18,1.904373751
1,2,7,1,40,1,0,86,1,2,6,4,1,1,3,1,3,1,4,1,2,6,1,1,31,15,1,18,1.892838277
2,6,7,1,69,1,0,37,4,2,9,7,4,1,44,2,3,5,4,2,2,3,1,1,15,18,1,11,0.538743107
1,3,2,1,51,1,0,40,1,4,1,6,1,1,10,1,3,1,4,2,1,3,3,1,21,18,1,12,0.432154266
2,2,2,1,60,1,0,40,3,3,6,2,1,1,80,1,3,4,3,2,1,3,1,1,10,6,1,17,1.904373751
2,3,4,2,71,0,0,82,3,3,7,4,4,2,2,2,4,2,4,4,4,6,5,4,34,64,1,11,4.87722426
2,2,4,1,75,1,1,50,1,1,1,4,4,2,12,2,3,5,4,3,4,6,5,1,33,44,1,8,0.784998321
1,5,4,2,35,1,0,81,1,3,9,1,2,1,2,2,2,5,3,3,1,3,1,3,41,28,5,10,1.103625348
1,2,4,1,60,1,0,80,1,2,6,4,3,1,31,1,4,3,4,4,4,6,1,2,38,10,1,14,0.673454506
2,3,1,1,100,1,0,10,3,3,8,2,1,1,45,1,2,3,3,2,1,3,1,1,10,26,1,11,0.432154266
2,3,4,1,70,1,0,80,4,3,8,4,3,1,8,1,3,4,4,1,2,6,1,1,7,28,1,14,0.503497879
1,2,4,1,84,1,0,18,1,1,4,8,3,2,60,2,2,4,4,4,4,6,3,3,5,37,2,1,0.797267752
1,2,6,1,49,1,0,35,3,3,2,6,4,1,10,1,3,4,4,2,1,3,1,1,14,24,1,12,0.538743107
2,5,7,1,70,1,1,80,1,1,1,7,4,1,11,1,2,2,4,1,4,2,3,1,47,37,1,12,0.432154266
2,2,1,1,100,1,1,39,3,1,6,1,4,1,56,1,3,3,4,4,4,6,1,3,10,25,2,20,1.326942338
2,2,4,1,96,1,0,40,3,4,8,8,3,1,0,1,4,3,4,1,1,3,1,1,7,21,1,14,0.503497879
1,3,1,1,50,1,0,70,1,4,6,4,1,1,20,1,2,1,4,2,1,6,5,3,39,17,1,3,0.498672977
1,2,4,1,90,1,0,80,3,1,1,6,4,1,40,2,4,2,4,3,4,6,3,1,6,49,1,12,0.718334602
2,2,4,1,60,1,1,87,4,4,1,8,4,2,20,2,3,3,5,1,1,6,1,1,10,50,1,15,0.92577388
1,6,4,1,99,1,0,25,3,4,2,6,1,1,20,1,2,2,4,2,1,3,1,1,5,9,1,16,0.673454506
1,5,2,1,75,1,1,19,3,1,1,2,2,1,40,1,2,2,4,2,1,3,1,1,39,30,1,13,0.503497879
2,2,4,1,30,1,0,60,3,4,6,7,2,1,33,1,3,2,4,4,4,6,2,1,15,1,1,9,0.787470485
2,2,7,1,90,1,0,60,1,1,6,7,3,1,7,1,2,2,4,2,1,3,3,1,43,32,1,3,0.343243209
1,2,4,1,81,1,0,39,2,2,2,4,3,1,72,1,3,2,2,3,2,1,5,3,31,55,1,5,0.623493423
2,2,2,1,70,0,4,20,1,3,8,2,2,1,80,3,2,3,2,1,1,5,1,3,47,45,1,14,0.92577388
1,3,7,1,50,1,0,30,3,4,1,7,2,1,30,1,2,2,4,2,2,4,1,1,19,23,1,16,0.506566333
1,2,4,1,30,1,2,20,2,2,1,2,2,1,2,1,4,2,2,2,2,3,3,1,1,2,2,12,1.613148041
2,4,7,1,85,1,0,5,3,3,8,6,4,1,50,1,4,6,4,4,4,6,1,3,2,45,1,11,0.718334602
1,5,1,1,99,1,0,6,2,4,2,2,3,1,62,1,2,2,4,2,1,3,3,1,5,19,1,11,0.3930594
2,3,1,1,40,1,0,10,3,4,9,1,1,1,50,1,1,2,2,2,1,3,1,1,14,21,1,18,1.624211387
1,5,6,1,45,1,0,98,1,1,1,4,1,1,1,1,3,4,3,1,2,4,1,1,33,18,1,20,0.516452651
2,6,4,1,51,1,0,52,3,3,2,2,2,1,52,2,2,2,2,3,3,3,5,2,33,50,1,14,0.920166135
1,6,7,1,94,0,3,98,1,3,1,7,2,1,36,1,5,1,3,1,2,6,1,1,44,59,1,13,5.000077392
1,3,2,2,60,0,0,60,3,3,6,2,3,1,4,1,4,2,4,2,2,6,3,3,33,37,1,4,0.341164062
2,2,4,1,30,0,0,80,3,2,1,6,3,1,5,1,3,6,4,1,1,6,1,1,40,37,1,20,0.516452651
1,2,4,1,100,1,0,89,4,4,6,7,1,1,10,1,3,1,4,2,1,3,1,1,24,1,1,8,0.787470485
1,3,2,2,38,1,0,2,3,2,5,3,1,1,89,1,2,2,4,2,1,1,5,1,33,28,1,7,0.429536552
3,2,4,2,64,0,0,80,4,4,7,1,3,1,12,2,2,2,4,2,2,6,5,4,15,63,1,10,5.0000767
2,4,4,1,80,1,2,71,3,2,1,4,2,1,50,1,4,2,4,4,4,3,1,1,48,31,1,15,0.460739774
1,5,2,1,56,1,0,36,3,3,4,2,2,1,40,1,2,2,1,1,2,3,5,1,36,34,1,9,0.538743107
2,5,6,1,26,1,1,84,1,3,1,5,2,1,18,1,2,1,1,1,1,2,1,1,48,53,1,11,0.718334602
2,2,4,1,91,1,2,100,3,1,1,7,4,1,1,1,3,3,4,4,4,6,1,1,13,34,1,13,0.460739774
2,2,4,1,100,1,0,20,2,2,2,4,4,1,81,1,2,3,2,1,1,3,1,3,43,20,5,3,0.876566393
2,2,4,1,91,1,0,61,1,1,2,5,4,2,1,2,3,2,4,1,4,6,3,1,14,21,1,1,0.427902551
1,3,1,1,59,0,2,74,1,1,1,4,2,1,70,1,1,2,4,1,1,3,1,1,21,37,2,19,3.327227455
4,7,2,2,42,0,0,28,4,4,10,8,5,3,18,3,3,4,5,4,4,6,1,5,29,27,1,20,0.4725944
2,2,4,1,45,0,0,68,3,3,8,8,4,1,5,1,3,2,4,3,3,3,5,3,37,32,1,1,0.343243209
1,2,7,1,40,1,0,40,3,3,6,6,1,1,8,1,1,3,2,2,1,3,3,3,28,9,1,8,0.787470485
2,2,9,1,99,1,0,100,3,3,6,8,5,1,2,3,4,1,4,1,4,3,4,1,44,16,1,1,0.501712027
1,5,7,2,81,1,0,60,1,4,2,7,1,1,27,1,1,1,1,2,1,3,5,1,17,42,1,4,0.782012106
1,2,4,1,88,1,3,61,1,4,1,4,3,1,37,1,2,5,4,1,2,3,5,1,23,45,1,11,0.984578453
1,2,4,2,86,0,0,86,3,3,5,8,2,2,39,2,3,2,4,2,3,6,1,3,53,45,1,20,0.973295269
2,5,1,1,100,1,1,2,3,3,1,2,1,1,80,1,2,1,4,2,1,3,1,1,29,26,1,14,0.460739774
1,2,4,1,80,1,0,90,3,1,1,4,4,1,1,1,3,2,4,2,2,3,1,1,10,51,1,18,2.38104843
2,2,1,1,83,0,0,23,1,3,1,4,4,1,53,1,4,3,1,4,4,6,5,3,14,30,2,1,1.09276742
1,3,4,1,52,1,1,37,4,4,2,4,3,2,40,2,2,6,4,3,3,6,1,1,5,31,4,11,1.003785803
2,3,6,1,77,1,2,80,4,4,8,6,3,1,1,2,2,2,4,1,4,3,1,1,43,38,1,12,0.789782315
1,4,7,1,81,1,2,60,1,1,1,4,4,1,21,1,4,3,4,2,4,5,1,3,34,36,1,15,0.506566333
1,2,4,1,79,1,0,47,1,4,2,4,2,1,98,1,3,3,4,3,3,3,1,3,9,32,2,8,1.131171593
2,4,1,1,76,1,0,90,1,1,6,4,1,1,6,1,1,1,1,1,1,6,1,1,34,21,1,14,0.506566333
1,2,4,1,70,1,1,60,1,1,9,4,4,2,22,2,3,1,4,4,4,6,6,3,39,44,1,2,0.623493423
2,2,4,2,80,1,1,48,1,4,8,4,4,2,49,2,4,3,4,1,1,6,1,3,36,36,2,20,1.654226499
1,5,7,2,50,1,0,19,3,3,6,6,1,1,60,1,1,2,4,2,1,3,3,3,44,11,1,9,0.631671616
1,2,6,1,75,1,0,81,4,4,4,6,4,1,1,1,2,2,4,1,1,6,1,1,10,27,1,2,0.343243209
2,3,2,1,83,1,0,33,1,1,2,4,1,1,20,1,1,2,4,1,1,3,1,1,47,32,1,12,0.432154266
2,5,7,1,72,1,0,80,2,3,2,6,4,1,5,1,4,3,4,3,3,6,3,1,10,23,1,8,0.432154266
1,4,6,1,60,1,0,12,3,2,6,4,2,1,68,1,3,3,4,2,1,6,1,1,23,11,1,13,0.923063978
1,5,2,1,81,1,0,20,3,1,1,4,2,1,52,1,2,1,4,1,1,3,1,3,15,30,1,11,0.538743107
1,6,5,1,52,1,0,58,3,3,9,5,3,1,20,1,3,2,4,2,1,3,3,3,48,34,1,20,0.4725944
1,3,5,1,50,1,0,70,3,1,6,6,4,1,7,1,2,4,3,1,1,3,3,3,23,11,1,8,0.787470485
1,2,4,2,30,1,5,19,3,4,8,1,5,3,22,2,3,4,2,2,4,6,2,4,5,54,4,1,1.457044443
1,6,7,1,70,1,0,61,3,3,1,6,3,1,39,1,3,2,4,2,1,3,3,3,11,21,1,16,0.506566333
2,6,7,1,93,1,2,34,2,1,2,6,1,1,70,1,1,2,1,1,1,3,1,1,36,32,1,19,1.624211387
1,5,1,1,50,1,1,40,3,1,1,2,2,1,41,1,2,1,3,2,1,6,5,3,33,27,2,16,1.285820981
2,4,6,1,80,1,0,39,4,4,8,3,3,1,62,1,3,2,4,1,1,6,1,1,5,21,1,19,1.185001802
1,5,9,2,50,0,0,60,3,3,7,4,2,1,81,1,2,3,4,1,1,1,5,3,5,41,1,3,0.570545043
1,5,4,1,30,1,0,20,3,4,6,4,1,1,32,1,2,2,4,1,1,3,5,1,5,1,1,2,0.456324613
2,2,1,1,90,1,0,50,1,1,9,4,5,1,50,1,3,3,4,4,1,6,2,3,5,22,3,7,1.003785803
2,2,9,1,90,1,2,100,1,4,8,8,4,1,17,2,4,5,4,4,4,6,4,4,26,56,1,1,0.782012106
2,5,4,1,93,1,0,60,1,3,9,2,4,1,77,1,4,6,4,4,4,6,3,3,21,34,1,2,0.343243209
2,2,4,1,81,0,0,80,4,1,6,8,2,2,100,2,4,1,4,4,4,2,1,4,23,18,1,3,0.427902551
2,2,4,2,39,1,1,32,4,4,7,3,3,2,43,2,3,2,4,1,1,2,5,4,27,61,1,20,5.000077894
2,3,2,1,100,1,0,69,3,1,1,4,5,1,30,1,4,5,3,4,4,6,3,1,11,28,2,11,1.103625348
2,6,2,1,89,1,0,28,3,4,6,2,3,1,40,1,3,3,3,2,1,3,1,1,10,21,1,13,0.506566333
2,2,4,1,70,1,1,50,2,3,2,5,2,2,45,2,2,3,4,4,4,6,1,1,16,44,1,3,0.782012106
2,3,2,1,91,1,0,70,1,3,6,4,4,1,82,1,4,3,4,4,4,6,1,1,10,23,1,17,1.302865633
2,1,4,1,100,1,0,61,3,1,6,8,4,1,38,1,3,2,4,4,4,6,2,1,38,10,1,3,0.456324613
2,6,2,1,71,1,0,80,3,1,1,5,3,1,3,1,3,1,4,1,2,6,5,3,39,51,4,12,2.004710154
1,4,6,3,50,1,0,80,1,2,6,6,1,1,19,1,2,3,4,2,1,3,1,1,6,17,1,5,0.456324613
2,2,4,1,8,1,2,87,1,3,9,4,4,2,20,2,4,1,4,4,3,6,1,5,23,53,1,8,0.984578453
2,3,6,1,68,1,2,72,1,1,1,4,2,1,73,1,2,2,1,2,2,2,1,1,19,49,1,14,0.92577388
1,2,5,1,30,1,0,60,1,3,4,6,2,1,0,1,2,1,3,2,1,3,3,3,47,28,1,6,0.432154266
2,5,7,1,98,1,0,90,1,1,1,7,4,1,20,1,3,4,4,4,1,3,3,1,44,32,1,10,0.432154266
1,2,4,1,33,1,0,19,3,2,1,4,3,1,16,2,3,4,4,4,4,6,5,3,17,61,1,11,5.0000767
2,6,1,1,73,1,0,61,3,3,1,2,1,1,20,1,1,1,2,1,2,3,5,1,31,30,1,19,1.294973709
1,2,9,1,90,1,0,99,4,3,6,1,3,1,0,1,4,2,4,1,4,6,5,3,5,12,1,6,0.574527399
2,5,2,1,71,0,0,53,3,1,1,5,3,1,52,1,2,3,4,2,1,6,2,1,33,12,1,13,0.73595321
1,2,2,1,63,1,1,65,1,2,1,5,4,1,40,1,4,2,4,1,1,6,1,1,5,36,2,16,1.176626343
2,6,7,1,95,1,0,81,3,3,2,6,4,1,1,2,3,5,4,1,1,4,1,1,11,21,1,11,0.432154266
1,2,2,1,75,1,0,60,3,4,3,5,3,1,60,1,3,4,4,4,4,3,5,1,3,57,1,8,0.718334602
1,3,2,1,60,1,2,30,3,3,1,3,1,1,40,1,2,2,1,1,1,2,1,1,14,34,1,13,0.631508565
1,6,5,1,100,1,1,40,3,3,1,2,2,1,66,1,2,2,2,2,2,2,5,1,31,51,1,10,0.784998321
1,5,7,1,52,1,0,28,3,4,6,7,1,1,26,1,2,2,4,2,1,3,3,1,15,17,1,12,0.787470485
2,3,7,1,80,1,0,61,3,3,6,6,3,1,22,1,3,2,3,2,1,3,1,1,34,11,1,12,0.631671616
2,5,3,1,97,1,0,20,1,1,1,1,1,1,75,1,1,1,1,2,1,2,1,1,14,55,4,13,2.947343188
1,6,4,1,81,1,0,29,3,3,6,4,2,1,35,1,2,2,4,2,1,3,5,1,36,19,1,8,0.538743107
1,2,4,1,50,1,0,75,3,3,6,6,2,1,19,1,3,3,4,2,1,3,1,1,33,6,1,12,0.627845355
2,3,7,1,60,1,1,40,1,1,2,6,2,1,6,1,1,2,4,2,1,6,1,1,36,42,1,13,1.154111704
2,3,1,1,81,1,0,60,1,3,6,8,5,1,61,1,5,3,5,1,1,6,1,3,10,29,2,10,1.103625348
2,5,7,1,60,1,1,60,1,1,1,7,1,1,19,1,2,1,4,2,1,3,1,1,44,51,1,14,0.92577388
2,5,4,2,70,1,0,40,3,3,6,4,1,1,7,1,2,1,3,1,1,3,2,3,14,19,1,11,0.538743107
1,2,4,1,70,1,0,20,3,4,1,4,4,2,50,2,3,4,4,2,1,3,5,3,7,27,1,5,0.341164062
2,3,1,1,29,1,0,42,1,4,1,1,1,1,60,1,2,1,2,2,1,3,3,3,48,18,1,8,0.3930594
1,5,1,1,60,1,2,80,3,1,1,4,2,1,39,1,2,1,1,1,2,3,1,1,19,28,2,12,1.103625348
2,5,2,1,60,1,0,40,1,1,2,2,2,1,47,2,1,3,4,4,1,3,5,4,21,51,1,14,0.92577388
1,2,4,1,50,1,0,50,1,1,6,7,3,2,30,2,2,2,4,1,1,6,1,1,11,30,1,9,0.432154266
2,2,4,1,93,1,0,81,1,1,1,4,2,2,51,1,1,3,4,4,4,6,1,1,30,29,1,10,0.429536552
2,3,9,2,71,1,0,100,3,4,6,8,5,1,10,2,3,3,4,4,4,6,5,3,22,27,1,1,0.341164062
1,5,7,1,45,1,0,20,3,1,6,7,1,1,10,1,2,2,3,2,1,3,1,1,17,21,1,12,0.538743107
2,3,5,1,80,1,1,100,3,0,6,5,3,1,5,2,2,1,2,2,1,3,2,1,1,10,2,12,1.613148041
1,6,5,1,30,1,2,10,1,3,2,4,3,1,70,1,4,3,4,2,1,3,1,1,5,38,4,17,5.000013911
2,2,2,1,82,1,1,6,1,1,1,4,3,1,55,1,3,3,2,1,1,6,3,3,15,39,1,11,0.984578453
1,3,7,1,30,1,1,43,3,3,1,6,4,1,18,1,3,2,4,1,1,6,1,1,33,34,1,18,1.294973709
1,2,4,1,90,1,0,6,1,2,7,7,3,2,63,2,3,2,3,4,4,4,5,2,10,59,3,4,5.00008029
1,6,4,1,72,1,0,9,3,3,1,4,2,1,19,1,3,2,4,2,1,1,1,1,3,27,1,18,1.185001802
1,5,7,1,30,1,1,81,3,3,1,7,3,1,5,1,3,4,4,2,1,3,1,1,34,44,1,13,0.92577388
1,4,3,2,79,1,0,75,3,4,9,5,2,1,64,1,3,2,4,2,1,3,5,5,39,39,1,20,0.943841593
1,4,2,1,70,1,1,51,1,2,6,4,2,1,20,1,3,2,4,1,1,6,1,3,44,9,5,10,1.613148041
1,6,1,1,81,1,0,25,3,3,6,2,1,1,21,1,1,4,1,2,1,6,1,3,23,5,1,11,0.787470485
1,5,4,1,60,1,0,80,3,1,1,4,2,1,20,1,3,4,4,2,1,3,5,1,14,30,1,15,0.631508565
1,2,3,1,44,1,0,16,2,1,4,3,2,1,78,1,2,2,4,1,2,3,3,3,22,17,1,2,0.498672977
2,2,4,1,59,1,0,59,3,3,4,4,3,2,43,2,2,3,4,1,1,1,1,3,48,25,1,1,0.312191688
1,1,1,1,20,0,0,20,3,3,7,6,4,3,22,3,4,5,5,3,3,5,4,1,18,59,1,2,3.873788224
1,2,4,1,50,1,1,20,1,3,9,8,4,3,41,3,4,3,5,4,4,6,3,5,14,38,1,3,0.782012106
1,3,6,1,60,1,3,20,3,3,1,6,4,1,50,2,3,3,4,4,4,6,1,1,48,36,1,13,0.460739774
1,5,5,1,30,1,0,50,3,4,1,6,2,1,20,1,2,2,4,2,1,3,1,1,6,14,1,18,1.732094445
2,2,2,1,80,1,0,39,3,3,1,6,4,1,50,2,4,4,4,1,4,6,3,3,15,20,1,7,0.538743107
2,3,1,1,70,1,0,50,1,3,2,4,2,1,61,1,2,2,4,1,1,6,3,1,7,25,1,14,0.503497879
2,5,7,1,71,1,0,41,3,2,1,4,4,1,38,1,4,3,4,2,2,1,1,1,34,28,1,16,0.506566333
1,2,4,1,60,1,0,50,3,3,1,6,4,2,48,2,4,5,4,4,2,6,1,1,43,23,1,15,0.506566333
1,2,4,3,17,0,0,9,2,4,1,4,1,1,6,1,2,1,3,4,2,6,2,1,33,57,4,2,1.592262766
2,2,4,1,83,0,0,50,1,3,2,4,4,1,43,1,4,4,4,4,4,6,5,1,39,24,1,1,0.341164062
1,5,4,1,66,1,0,81,3,3,6,4,1,1,32,1,2,3,3,2,1,3,1,1,39,9,1,10,0.627845355
2,3,6,1,20,1,0,60,3,3,6,5,1,1,1,1,2,2,4,2,1,3,3,1,5,9,1,11,0.574527399
1,3,4,1,75,1,0,25,3,1,1,5,1,1,5,1,1,1,4,2,1,3,1,1,36,21,2,15,1.612731644
2,2,4,1,75,1,4,40,4,3,8,6,4,1,61,1,3,4,4,4,4,6,1,3,11,51,2,10,2.016927406
1,2,4,3,50,0,2,38,4,4,9,2,4,2,41,2,3,3,4,4,4,6,3,3,15,37,1,2,0.427902551
1,2,6,1,50,1,0,40,3,3,6,4,3,1,30,1,2,3,4,2,1,3,1,1,7,26,1,11,0.429536552
1,4,2,1,60,1,1,57,3,3,1,4,3,1,47,1,4,4,1,1,2,3,1,1,5,36,1,19,1.185001802
2,3,3,1,78,1,0,43,3,2,4,4,1,1,49,1,2,1,3,2,1,3,3,1,34,15,1,4,0.501712027
1,4,5,1,82,1,0,81,3,3,1,6,2,1,27,1,2,1,4,2,1,2,1,1,47,22,1,10,0.432154266
1,2,4,1,70,0,0,91,1,2,1,8,4,1,1,2,4,3,4,3,3,6,1,2,34,38,1,2,0.627293163
1,5,4,1,40,1,0,85,3,4,1,4,1,1,1,1,2,1,4,1,1,3,5,1,5,37,1,18,1.185001802
2,5,4,1,44,1,2,81,1,1,1,4,4,1,5,1,4,5,4,1,1,3,1,1,16,43,1,14,1.154111704
2,3,4,3,70,1,0,81,1,1,8,8,4,1,4,1,4,6,4,4,4,6,3,4,5,20,5,1,0.797267752
2,2,7,1,74,1,0,64,3,1,6,6,3,1,18,1,3,5,4,2,1,3,1,1,26,22,1,12,0.538743107
2,3,1,1,60,1,2,90,1,3,8,3,2,1,1,1,2,2,3,1,2,6,1,1,26,40,1,12,0.984578453
1,6,5,1,44,1,0,52,3,1,1,6,1,2,56,2,3,3,4,2,1,3,5,3,11,52,4,18,5.000009728
1,5,7,1,81,1,0,48,3,3,1,6,2,1,35,1,1,2,4,2,1,6,2,1,33,31,1,13,0.503497879
2,3,4,1,70,1,0,19,3,3,1,7,2,1,20,1,4,3,4,4,4,6,1,1,10,51,1,10,0.789782315
1,2,4,1,49,1,0,58,3,1,1,4,3,1,13,2,2,2,2,1,2,6,1,1,40,30,1,14,0.503497879
2,4,7,1,85,1,0,5,3,3,8,6,4,1,50,1,4,6,4,4,4,6,1,3,2,45,1,11,0.718334602
2,2,1,2,60,1,0,70,1,2,4,4,3,1,51,2,4,3,3,2,2,6,3,5,19,42,1,1,0.627293163
1,6,6,1,42,1,0,31,3,3,6,6,2,1,27,1,3,2,4,2,1,3,1,1,1,10,1,17,1.904373751
2,3,3,1,35,0,0,24,4,2,1,4,2,1,47,3,2,3,2,3,3,1,5,3,24,45,5,11,2.514393178
2,3,6,1,91,0,0,93,3,2,5,5,4,1,4,1,4,2,4,1,1,6,1,1,38,28,1,9,0.3930594
2,6,3,1,19,1,0,80,3,3,6,6,4,1,40,1,3,3,4,4,4,6,2,1,33,12,1,12,0.627845355
1,3,7,1,51,1,0,51,3,3,1,6,1,1,19,1,1,1,3,2,1,3,1,1,15,26,1,15,0.631508565
1,5,2,1,81,0,1,47,3,1,2,5,3,1,24,1,3,2,3,2,2,6,5,3,5,55,3,3,1.457044443
2,2,4,1,40,1,0,80,3,3,1,4,4,2,0,2,3,5,4,4,4,6,1,1,10,49,1,17,2.38104843
1,6,6,1,30,1,0,30,3,3,1,6,2,1,20,1,2,5,3,2,1,3,5,1,10,39,1,15,0.92577388
1,2,4,1,63,1,0,71,4,4,6,5,2,1,42,1,2,2,4,3,3,2,1,1,39,19,1,6,0.429536552
2,2,4,1,85,1,3,70,1,1,8,6,3,1,2,2,2,1,4,4,4,6,4,3,34,34,1,11,0.432154266
2,3,2,1,19,1,0,75,3,3,6,5,1,1,39,1,2,5,3,2,1,3,1,1,10,19,1,13,0.506566333
2,2,4,2,57,1,0,85,3,4,8,7,4,2,2,2,3,4,4,4,4,3,1,1,33,38,1,15,0.920166135
2,2,2,1,80,1,0,61,3,3,6,5,4,1,7,1,3,2,4,2,1,1,2,1,50,15,1,10,0.787470485
2,4,2,1,70,1,0,61,1,4,7,4,2,1,82,1,1,2,4,1,1,3,1,1,49,37,1,14,0.506566333
2,2,4,1,100,1,1,76,2,4,1,5,3,1,50,1,3,3,4,4,4,6,1,3,34,25,1,10,0.432154266
2,5,1,1,60,1,0,10,3,4,2,1,2,1,68,1,2,1,3,2,1,3,5,1,7,35,1,11,0.429536552
1,5,2,1,60,1,0,30,1,1,6,3,2,1,20,1,2,2,3,2,3,3,2,1,43,10,1,9,0.631671616
2,3,5,2,70,1,3,10,4,2,8,4,4,1,12,2,3,3,4,2,4,6,5,3,33,46,1,5,0.623493423
2,2,4,2,70,0,0,89,3,3,8,4,4,2,60,2,3,2,4,4,4,6,1,3,43,37,1,1,0.343243209
2,2,4,1,76,1,3,49,1,1,1,2,3,1,8,2,2,1,4,4,4,3,1,1,17,47,1,1,0.782012106
2,2,4,1,52,1,0,80,3,2,6,2,4,2,32,2,3,4,4,3,1,6,2,3,41,19,1,9,0.432154266
1,5,1,1,100,1,0,20,4,3,4,2,2,1,71,2,4,3,4,2,1,3,1,3,10,20,1,13,0.506566333
1,3,3,1,20,1,0,40,1,3,6,2,2,1,60,1,3,1,4,1,2,4,1,1,1,15,5,8,1.613148041
1,2,1,1,80,1,0,39,3,1,6,2,4,2,21,2,4,4,4,4,1,6,3,3,39,13,1,4,0.498672977
1,2,4,1,70,1,1,71,3,1,1,4,4,1,26,2,3,4,4,2,1,3,5,3,34,23,1,11,0.432154266
1,5,1,1,67,1,0,61,3,4,1,1,1,1,23,1,5,3,1,4,3,4,5,1,24,53,1,16,1.154111704
2,5,7,1,50,1,0,50,2,2,6,6,3,1,52,1,3,3,4,2,1,3,1,1,43,18,1,13,0.506566333
1,2,9,1,87,1,1,18,2,4,7,2,3,1,35,1,3,2,4,4,4,1,5,4,10,63,1,20,5.00007371
4,7,9,1,33,1,0,40,3,3,1,4,1,2,26,1,4,2,1,3,2,5,1,1,33,53,2,5,1.592262766
1,2,7,1,39,1,0,99,1,3,1,6,1,1,1,1,1,1,4,2,1,3,1,1,5,31,1,9,0.3930594
2,3,6,2,95,1,0,80,4,3,8,4,4,1,50,1,3,3,4,4,4,6,2,1,3,28,1,20,0.4725944
2,3,7,1,73,1,0,83,1,1,6,6,1,1,20,1,2,5,4,2,1,3,2,1,34,2,1,7,0.631671616
1,3,2,3,71,1,0,71,1,2,6,8,4,1,20,2,4,3,4,4,4,6,1,1,3,36,1,10,0.3930594
2,3,4,2,91,1,0,100,3,3,6,4,1,1,0,1,1,1,4,1,1,6,3,3,51,14,1,4,0.456324613
2,2,2,2,8,0,1,8,3,3,1,2,5,2,20,2,5,5,5,3,3,6,5,3,7,37,2,9,1.096940294
2,3,6,1,70,1,0,30,3,3,6,6,3,2,75,2,3,3,4,4,4,6,3,3,16,16,1,6,0.787470485
2,2,4,1,48,1,0,80,4,2,1,4,3,1,14,1,3,3,4,4,4,6,5,3,5,34,1,7,0.3930594
2,2,3,1,24,1,2,35,1,2,4,2,3,1,4,1,2,1,4,1,4,6,1,4,10,53,1,9,0.789782315
2,2,4,3,80,1,2,73,4,4,8,4,4,2,10,2,3,3,4,4,4,6,5,3,34,54,1,9,0.789782315
1,1,9,1,55,1,0,80,4,4,2,8,4,2,1,2,4,3,4,4,4,6,5,4,34,52,5,20,1.601966451
2,2,9,1,71,1,1,46,4,4,9,8,4,1,2,2,4,4,4,3,4,6,1,3,31,29,1,15,0.503497879
4,2,4,1,86,0,5,80,1,4,1,3,1,1,3,1,1,2,4,1,4,1,1,1,36,47,1,9,0.984578453
1,2,5,1,50,1,0,80,3,4,8,6,1,1,10,2,2,4,3,2,1,3,5,3,1,28,1,6,0.432154266
1,5,5,1,70,1,1,25,3,1,1,4,2,1,28,1,2,2,1,2,2,3,1,1,23,37,1,10,0.538743107
1,6,7,1,70,1,0,40,3,3,6,6,1,1,20,1,1,1,3,2,1,6,1,1,11,15,1,15,0.74043831
2,6,7,1,40,1,2,81,3,3,1,7,1,1,19,1,1,1,4,2,1,3,5,3,11,47,1,11,0.789782315
1,3,4,1,50,1,0,39,3,3,2,2,3,1,50,1,3,3,1,1,1,6,1,1,5,27,1,11,0.3930594
1,5,3,1,49,1,0,20,3,3,6,3,2,1,60,1,3,2,4,2,1,3,5,1,3,26,1,12,0.3930594
1,6,2,1,82,1,2,80,3,3,1,2,1,1,50,1,4,4,1,2,1,3,1,1,5,41,1,17,2.165646716
1,3,4,1,64,1,0,58,3,3,2,4,3,1,30,1,3,4,4,2,1,4,3,1,36,43,1,8,0.984578453
1,2,7,1,100,1,0,1,3,3,2,3,1,1,1,1,4,6,1,2,1,6,5,5,10,51,1,1,0.627293163
2,2,4,2,51,1,0,50,4,4,8,4,3,1,50,1,3,3,4,1,4,6,5,3,5,51,1,13,0.84202368
2,5,1,1,60,1,2,59,3,3,1,4,4,2,40,1,3,4,4,2,2,6,3,3,50,39,1,16,1.154111704
2,2,4,1,60,1,0,80,3,3,1,8,4,2,19,2,4,4,4,3,3,6,1,1,49,35,1,13,0.506566333
2,2,1,1,96,1,0,100,3,4,1,1,4,2,19,2,3,3,4,1,4,6,5,3,33,48,3,5,1.592262766
2,2,6,2,90,0,0,15,2,1,8,7,4,2,20,2,4,3,4,4,4,6,5,1,39,35,1,10,0.429536552
1,3,4,3,70,1,0,40,2,3,5,5,2,1,29,3,1,2,4,1,1,3,5,1,14,26,1,4,0.427902551
1,2,4,1,36,1,0,82,3,2,1,2,3,2,51,2,2,1,4,1,1,1,5,3,5,42,3,10,1.834465926
2,3,6,1,81,1,1,80,3,4,5,6,3,1,20,1,3,5,4,4,4,6,5,4,10,58,1,13,5.000077392
2,2,3,2,70,1,1,51,2,2,6,8,3,1,69,2,3,3,4,1,4,6,5,3,36,28,1,1,0.427902551
1,5,4,2,80,1,0,39,1,3,6,4,1,1,19,1,3,2,4,2,1,3,3,3,39,19,1,4,0.341164062
2,2,1,1,80,1,0,20,1,4,6,6,4,1,50,1,3,3,4,1,1,3,2,3,5,5,1,20,0.690782185
1,2,3,1,100,0,0,40,3,3,9,4,3,1,19,1,4,3,1,3,2,6,5,4,17,48,1,10,0.984578453
1,5,7,1,30,1,1,72,1,1,1,7,1,1,2,1,2,1,3,2,1,3,1,1,5,26,1,12,0.3930594
1,3,7,1,90,1,2,80,1,3,2,6,2,1,20,1,3,2,4,2,1,3,1,1,23,31,1,14,0.631508565
2,5,2,1,81,1,0,29,3,2,1,3,3,1,51,2,3,4,2,1,2,6,5,1,5,49,4,16,2.15034017
1,2,4,1,81,1,0,95,2,1,1,8,2,1,50,1,3,2,4,4,4,6,1,1,15,22,1,9,0.538743107
1,5,7,1,90,1,0,21,4,4,1,7,4,1,50,1,4,3,1,2,2,6,1,1,39,57,1,6,0.784998321
2,2,6,1,80,1,0,41,3,3,1,6,2,1,27,1,2,1,4,2,1,6,1,1,23,16,1,17,2.374078686
1,4,1,1,85,1,1,28,1,2,1,4,2,1,40,1,3,2,4,1,1,3,1,3,33,26,1,14,0.503497879
2,6,3,1,83,1,1,60,2,4,1,2,3,1,3,2,3,2,3,4,4,6,1,1,5,40,4,20,2.205667448
1,2,7,1,100,1,0,61,1,4,6,6,4,1,21,1,1,5,4,2,1,3,1,1,10,14,1,2,0.501712027
1,4,3,2,91,1,0,60,3,4,8,4,1,1,26,1,3,5,4,1,4,6,5,3,23,26,1,1,0.427902551
2,2,4,1,60,1,0,81,1,1,4,4,4,2,5,2,3,1,4,3,4,6,1,3,38,29,1,10,0.3930594
2,3,1,1,91,1,0,80,2,4,8,4,4,1,52,1,4,5,4,4,4,6,1,1,31,31,1,1,0.341164062
1,5,4,1,51,0,0,99,4,4,3,6,2,1,0,1,1,3,3,3,3,6,5,3,12,19,4,11,1.003785803
1,6,3,1,40,1,1,99,2,1,1,4,1,1,1,1,1,1,4,2,1,3,1,1,5,25,1,17,1.185001802
2,5,2,1,60,1,2,82,3,1,1,4,2,1,60,1,3,4,2,1,1,5,5,1,33,33,2,11,1.096940294
2,6,2,1,53,1,1,66,3,3,6,4,3,1,69,2,3,3,3,2,1,3,5,1,10,11,1,15,0.74043831
1,3,2,1,70,1,1,44,1,1,2,3,3,1,43,1,3,2,4,1,2,6,1,3,6,26,2,17,3.026229589
1,2,3,1,50,1,5,100,2,1,1,4,1,1,0,1,1,1,4,1,1,6,1,1,47,43,1,10,0.789782315
1,3,2,1,65,1,0,57,1,1,6,2,1,1,47,1,2,2,4,2,1,6,3,3,43,22,1,4,0.343243209
1,2,4,1,60,1,1,80,1,4,1,4,1,2,20,2,2,2,4,2,1,6,1,1,44,29,1,11,0.432154266
1,5,3,1,50,1,1,40,1,3,1,3,2,1,19,1,3,3,4,3,3,3,1,1,21,43,4,11,2.016927406
1,3,1,1,61,1,0,5,3,3,1,1,4,1,33,1,3,3,1,2,1,3,5,4,44,58,1,12,4.87722426
2,2,4,2,61,1,0,40,1,1,8,6,2,1,0,1,2,1,4,4,4,6,1,3,36,22,1,4,0.427902551
1,2,6,1,40,1,0,80,3,3,6,6,1,1,1,1,1,5,4,2,1,3,2,1,19,10,1,12,0.631671616
1,5,7,2,49,1,0,46,1,3,1,6,1,1,25,1,1,1,3,2,1,3,5,4,1,42,1,7,0.789782315
1,2,6,1,70,1,0,40,4,1,2,5,3,1,50,2,2,4,4,2,1,3,1,1,36,23,1,10,0.538743107
2,2,2,1,80,1,0,60,1,3,6,4,4,2,40,2,4,5,4,4,4,6,3,3,14,19,1,11,0.538743107
1,3,7,1,39,0,0,91,3,3,9,7,1,1,31,2,2,1,1,2,1,1,5,1,43,24,7,20,1.326942338
1,5,4,1,93,1,0,69,3,3,6,4,3,1,11,1,3,5,4,1,2,6,1,1,10,14,1,16,0.74043831
2,4,3,1,70,1,2,93,4,3,1,2,3,1,51,2,3,2,1,1,2,3,1,1,36,44,3,16,2.947343188
2,3,4,2,60,1,0,60,1,1,8,4,5,2,20,2,3,3,4,1,1,6,3,1,49,34,1,6,0.432154266
1,3,6,1,80,1,0,40,1,1,6,3,3,1,29,2,3,4,4,1,2,6,1,1,22,21,1,17,1.294973709
2,3,7,1,69,1,0,95,1,2,1,7,1,1,11,2,2,2,4,2,1,3,3,3,44,32,5,11,1.103625348
1,4,2,1,82,1,0,20,4,4,6,4,3,1,51,1,3,3,4,1,1,6,1,1,33,23,1,15,0.503497879
2,3,4,1,13,1,0,40,3,4,6,4,2,2,10,1,2,1,4,2,1,3,5,3,50,15,1,8,0.787470485
1,2,5,1,59,0,0,59,3,1,1,5,3,1,60,1,3,2,4,1,1,6,1,1,5,37,1,13,0.460739774
2,5,7,1,98,1,4,80,1,4,9,6,1,1,10,1,1,1,4,2,1,6,1,1,1,38,1,15,0.92577388
1,2,4,1,85,0,0,98,1,3,1,6,3,1,46,2,2,1,4,3,3,6,3,1,47,33,1,10,0.432154266
1,2,4,1,61,1,1,40,2,2,9,2,3,2,39,2,2,3,4,1,2,6,3,1,48,42,1,2,0.570545043
2,2,7,1,70,0,0,97,3,3,8,7,1,1,17,1,3,2,4,2,1,6,1,1,23,17,1,13,0.923063978
2,4,6,1,51,1,0,83,3,4,8,6,1,1,12,1,2,3,4,2,1,3,1,1,3,23,1,14,0.460739774
2,3,6,1,70,1,0,37,3,3,4,5,2,1,20,1,2,3,1,2,2,3,3,1,36,17,1,10,0.787470485
1,4,2,1,90,1,0,11,1,3,9,2,1,1,75,1,2,4,4,2,1,3,1,1,47,22,1,17,1.302865633
1,3,3,2,86,1,0,70,3,1,5,2,3,1,40,1,4,1,4,4,2,1,2,3,44,27,2,4,0.876566393
1,2,6,1,66,0,2,73,1,2,1,3,3,1,40,1,3,3,1,2,2,6,1,1,36,37,1,6,0.538743107
1,6,1,1,30,0,0,19,2,2,1,1,1,1,5,1,1,2,2,2,1,3,1,1,32,27,1,13,0.460739774
2,6,3,1,60,0,0,99,3,4,1,4,3,1,3,1,3,1,4,2,2,1,3,1,1,31,1,11,0.432154266
2,6,2,1,60,1,0,60,3,2,1,3,2,1,57,2,1,6,5,2,2,6,1,1,44,28,1,17,1.302865633
2,6,1,1,100,1,0,19,3,4,6,2,2,1,50,1,3,2,4,2,1,3,1,1,39,13,1,17,1.892838277
1,5,6,1,50,1,0,100,1,2,1,5,4,1,0,1,2,3,4,1,1,3,5,1,14,30,1,13,0.631508565
2,3,6,1,70,1,0,61,3,3,9,6,2,1,59,1,3,1,1,2,1,6,3,1,18,24,1,3,0.343243209
2,6,4,1,71,1,1,49,3,3,1,4,1,1,60,1,1,2,4,2,1,3,1,1,6,41,1,19,2.165646716
1,2,2,2,71,1,0,1,3,1,9,5,4,2,100,2,3,3,3,1,1,6,5,3,5,36,3,1,0.797267752
2,2,5,1,45,1,0,30,3,4,6,6,4,1,7,2,3,2,4,1,1,6,1,1,30,16,1,17,1.892838277
2,2,4,1,50,1,2,49,1,1,3,4,1,1,50,1,1,1,3,4,2,1,1,1,6,61,4,4,5.000084473
2,5,3,1,81,1,0,40,3,2,6,2,1,1,9,1,2,4,4,2,1,3,1,1,10,10,1,15,0.74043831
2,5,1,1,81,1,2,33,1,1,1,2,2,1,49,1,2,3,4,2,1,3,1,1,10,44,1,17,2.38104843
1,2,4,1,80,1,0,40,3,2,9,4,3,2,50,2,3,3,4,1,1,6,1,3,34,29,1,4,0.343243209
1,3,6,1,48,1,0,60,3,1,6,6,1,1,30,1,1,1,2,2,1,3,2,3,3,14,1,8,0.574527399
2,2,4,1,60,1,0,100,2,2,8,5,4,2,61,2,3,3,5,4,4,6,1,1,43,27,1,9,0.432154266
2,3,1,1,69,1,0,77,3,4,1,4,3,1,54,1,4,1,1,1,1,6,5,1,32,49,3,9,1.834465926
1,2,7,1,35,1,0,40,3,3,6,4,1,1,21,1,2,1,4,2,1,3,1,1,26,9,1,9,0.787470485
1,2,4,2,90,1,0,100,3,3,4,8,4,2,0,2,1,1,4,1,2,3,5,3,10,49,1,1,0.627293163
2,2,1,1,85,1,0,81,3,3,6,2,4,1,50,2,4,3,4,1,1,6,1,1,50,21,1,9,0.538743107
1,6,4,1,60,1,0,40,4,4,6,8,2,1,51,1,2,3,3,2,1,3,1,1,22,10,1,20,0.754888953
1,2,6,1,24,1,0,88,3,3,6,6,1,1,9,1,3,4,4,2,1,6,1,1,34,10,1,11,0.631671616
1,5,1,1,40,1,3,0,3,3,1,4,2,1,81,1,1,2,4,1,1,1,1,1,22,42,4,19,5.000010101
2,3,5,1,61,1,5,99,3,4,1,5,5,1,0,1,1,1,5,4,1,6,6,5,53,26,7,20,1.360062525
1,2,1,1,53,1,0,5,3,1,6,2,1,1,75,1,3,2,4,2,1,3,2,1,22,14,1,10,0.627845355
1,2,4,1,40,1,3,80,1,4,1,4,4,3,1,2,3,2,4,4,4,6,6,4,37,48,5,7,2.016927406
1,2,4,1,60,1,0,81,3,3,6,3,3,1,60,2,3,2,4,4,4,6,5,1,47,9,1,8,0.631671616
1,6,2,1,60,1,2,30,3,4,1,3,2,1,30,1,3,2,4,2,1,3,1,1,1,30,2,18,3.327227455
2,2,4,1,25,1,1,35,4,3,1,2,3,1,38,1,2,2,3,2,2,1,1,2,5,51,1,2,0.570545043
1,2,4,1,68,1,0,60,3,3,6,4,3,1,28,1,3,4,4,2,1,3,1,1,22,9,1,14,0.73595321
1,2,5,1,69,0,0,75,1,1,3,4,2,1,39,1,3,1,3,1,2,3,1,1,43,34,1,9,0.432154266
1,3,7,1,44,1,0,70,3,4,6,6,2,1,5,1,2,1,4,2,1,3,1,1,24,23,1,12,0.538743107
2,3,4,1,91,1,3,95,1,1,1,6,2,1,6,1,2,1,1,3,3,6,1,1,16,49,1,16,1.154111704
1,2,4,1,100,1,0,40,2,2,1,5,4,2,19,2,3,3,4,1,1,6,3,1,18,32,1,10,0.432154266
2,6,2,1,63,1,0,85,3,4,4,2,2,1,30,1,3,1,3,1,2,3,1,1,44,12,1,10,0.631671616
2,5,3,1,81,1,1,20,1,1,1,4,3,1,60,2,3,3,4,2,1,3,1,3,5,35,1,16,0.460739774
1,2,4,1,32,1,0,42,2,2,1,4,4,1,6,2,3,5,4,2,1,3,1,3,33,24,1,17,1.294973709
1,3,1,1,80,1,0,50,1,4,7,2,1,1,51,1,2,2,4,2,1,3,3,3,29,22,1,9,0.3930594
1,5,5,1,61,1,0,28,3,3,6,7,2,1,14,1,2,1,4,2,1,3,1,1,1,9,1,18,1.904373751
1,2,4,2,60,1,0,60,3,4,9,8,1,1,31,1,4,1,4,4,4,6,5,3,22,36,7,2,0.871256716
1,2,2,2,40,1,0,60,3,3,2,4,3,1,39,2,2,2,4,4,4,6,5,3,38,32,1,1,0.312191688
2,2,4,1,99,1,0,100,3,3,6,7,2,1,20,2,4,2,5,3,3,6,2,3,45,28,1,8,0.3930594
2,2,7,1,42,1,0,95,2,2,6,5,3,2,20,2,2,2,4,1,2,6,2,1,49,18,1,1,0.343243209
2,2,5,1,90,1,0,50,3,1,6,4,3,2,30,2,4,2,4,4,4,6,3,3,7,14,1,7,0.627845355
1,5,3,1,60,1,0,18,3,3,6,4,2,1,84,1,2,2,1,1,1,2,1,3,10,21,1,5,0.343243209
2,3,4,1,80,1,0,41,3,4,1,4,2,1,59,1,3,2,4,1,2,6,1,1,36,14,1,15,0.923063978
1,4,4,1,61,0,4,62,2,3,1,1,1,1,88,1,1,1,1,2,1,1,1,1,5,51,1,17,2.165646716
1,2,4,1,75,1,2,99,1,1,6,5,4,1,20,1,3,1,4,2,1,3,3,1,34,43,1,10,0.789782315
1,5,2,1,50,1,0,72,3,3,1,4,3,1,39,1,3,1,1,1,2,6,5,3,10,48,1,11,0.789782315
1,4,1,1,61,1,0,61,4,3,1,3,2,1,64,1,2,3,1,1,2,1,5,1,47,56,2,8,2.016927406
2,2,4,2,71,1,0,61,1,2,6,5,3,1,21,1,3,3,4,1,4,6,3,3,21,12,1,3,0.501712027
1,2,4,1,83,1,0,17,3,0,9,6,4,2,12,2,2,3,4,2,2,6,1,1,39,26,1,15,0.503497879
2,2,7,1,70,1,0,81,3,3,6,4,4,1,31,1,4,3,4,1,1,6,5,1,27,15,1,5,0.456324613
1,4,1,1,40,1,0,40,1,1,6,1,2,1,11,1,2,1,4,2,1,3,5,1,39,24,3,13,1.285820981
2,6,5,1,40,1,0,61,2,4,1,6,2,1,19,1,2,1,4,2,1,3,5,3,10,38,1,17,2.38104843
1,2,4,1,91,1,0,99,1,1,1,1,1,1,100,1,1,1,1,1,2,1,5,1,36,53,1,11,0.984578453
1,6,1,1,100,1,0,20,3,1,8,2,1,1,33,1,2,1,3,2,1,1,1,1,5,34,1,19,1.185001802
2,2,4,1,60,1,0,80,1,3,6,7,1,2,4,2,1,1,4,1,2,6,3,1,38,33,1,15,0.460739774
1,5,4,1,100,1,0,50,3,4,1,4,2,1,30,1,3,2,4,2,1,3,5,3,38,37,1,12,0.3930594
1,3,5,1,71,1,2,79,2,2,2,2,3,2,2,2,3,3,4,1,1,6,1,3,5,36,1,19,1.185001802
1,2,1,1,59,1,0,100,3,3,6,1,3,1,0,1,3,2,4,1,2,3,3,3,26,39,1,9,0.984578453
1,3,1,1,80,1,1,40,2,1,6,4,2,1,50,1,2,2,4,1,1,6,3,3,14,40,1,10,0.984578453
2,1,9,1,75,1,1,97,1,2,1,4,4,2,1,2,3,3,4,3,3,6,5,1,22,52,1,8,0.784998321
2,6,1,1,70,1,0,50,3,2,6,1,2,1,80,1,3,2,4,2,1,3,1,1,34,15,1,17,1.904373751
2,2,9,1,84,1,2,44,3,3,5,5,3,1,47,2,3,3,4,3,3,6,1,3,39,39,1,2,0.623493423
1,5,1,2,71,1,0,20,1,3,6,4,4,1,0,1,4,1,4,4,4,6,1,3,5,21,3,12,1.003785803
1,6,2,1,54,1,0,34,3,3,2,4,3,1,27,1,3,2,4,2,1,3,1,1,24,8,1,11,0.787470485
2,3,6,1,18,1,0,100,3,3,1,5,3,1,1,1,3,1,4,1,2,3,3,1,1,27,1,9,0.432154266
2,3,6,1,50,1,0,50,3,3,6,4,3,1,30,1,3,2,4,2,1,3,2,1,49,24,1,7,0.432154266
2,6,1,1,90,1,1,40,3,3,1,2,2,1,57,1,3,2,1,2,1,3,1,1,11,30,1,19,1.302865633
2,5,4,1,90,1,2,20,4,4,2,8,5,2,20,3,5,3,1,3,3,6,1,1,31,33,1,14,0.503497879
2,2,2,1,78,1,1,38,1,3,1,4,4,1,36,1,4,6,4,4,4,6,1,1,5,30,3,13,1.176626343
1,6,7,1,45,1,3,33,3,1,1,6,1,1,10,1,1,1,1,2,2,3,1,1,47,43,1,18,2.38104843
2,3,6,1,66,1,0,34,3,1,1,5,5,1,58,1,2,5,4,1,2,6,1,1,33,16,1,12,0.627845355
2,2,4,1,60,1,2,20,1,1,1,8,4,2,50,2,4,5,4,4,4,6,1,1,35,49,1,11,0.984578453
1,4,4,1,70,1,0,30,2,1,1,5,2,1,60,1,3,2,4,2,1,3,1,1,11,25,1,17,1.302865633
2,4,5,1,97,1,0,95,3,3,1,7,2,1,0,1,1,1,4,2,1,3,1,1,44,28,1,12,0.432154266
2,2,4,1,33,1,0,46,3,2,6,4,2,1,22,1,3,4,4,2,1,3,1,1,34,17,1,11,0.631671616
2,2,4,1,81,1,0,50,1,1,8,4,4,2,50,2,4,3,4,1,1,6,3,3,31,21,1,3,0.341164062
1,6,3,1,37,1,0,71,1,1,1,3,2,1,60,1,1,1,3,2,1,3,1,1,34,18,1,18,1.302865633
2,2,4,1,100,1,0,99,3,1,5,4,2,2,2,2,2,1,4,2,1,3,1,3,14,30,1,20,0.647756994
2,2,1,1,80,1,0,21,1,1,2,4,3,1,39,2,3,3,4,4,4,6,5,3,14,23,2,2,1.09276742
1,5,2,1,92,1,0,42,3,3,6,4,3,1,55,1,3,4,1,1,1,6,1,1,31,18,1,12,0.429536552
2,3,1,1,100,1,0,20,4,4,1,4,2,1,39,2,3,1,4,2,4,6,5,3,10,51,3,10,2.016927406
1,2,4,1,29,0,2,39,0,3,3,3,4,2,20,2,3,4,3,3,3,3,3,3,17,38,1,3,0.782012106
1,2,1,2,65,1,0,69,4,4,6,2,2,1,68,1,2,2,4,2,1,6,3,3,7,28,1,1,0.341164062
1,2,4,1,81,1,7,60,1,1,1,8,3,1,50,2,3,3,3,2,2,6,5,3,39,43,1,10,0.784998321
2,2,4,1,51,1,0,96,4,4,4,4,3,3,0,2,3,3,4,4,4,6,5,4,19,53,2,1,1.601966451
2,2,7,2,80,1,0,51,1,2,6,7,1,1,70,1,3,1,4,2,1,3,3,3,39,11,1,1,0.498672977
2,5,1,1,60,1,0,20,3,3,1,2,2,1,48,1,2,2,4,2,1,3,1,1,33,28,1,19,1.294973709
2,5,4,1,60,1,0,81,3,3,2,4,4,2,39,2,4,4,4,3,3,6,3,4,31,26,1,14,0.503497879
1,2,4,1,55,1,0,26,3,1,9,8,4,2,50,2,4,4,4,4,4,6,3,4,24,33,1,4,0.427902551
2,2,1,1,100,1,0,80,2,3,9,6,3,1,60,1,2,1,4,1,4,6,1,3,21,23,2,2,0.876566393
1,2,5,1,71,1,2,59,2,4,4,4,5,2,57,3,5,3,5,2,4,6,3,3,6,47,1,8,0.718334602
1,5,2,1,91,1,0,50,1,4,1,2,2,1,51,1,1,3,4,1,2,6,5,1,5,53,1,19,2.165646716
2,5,1,1,31,1,0,59,3,3,1,4,4,1,41,1,2,3,1,2,2,3,5,1,29,49,1,11,0.718334602
1,2,9,1,80,1,0,40,3,4,1,5,3,1,50,1,3,3,4,1,2,1,3,3,10,50,1,14,0.92577388
1,3,6,2,91,1,0,40,3,3,6,5,4,1,54,1,4,4,4,4,4,6,4,3,3,7,1,10,0.574527399
1,2,4,1,70,1,0,40,3,3,1,6,4,1,40,1,4,1,4,2,1,6,1,1,42,18,1,10,0.538743107
1,3,6,1,42,1,0,25,3,4,1,5,4,1,35,1,3,4,4,2,1,3,1,1,20,29,1,12,0.429536552
2,5,1,1,50,1,0,34,3,3,1,3,2,1,49,1,2,3,2,1,1,6,1,3,10,29,1,10,0.432154266
2,5,7,1,85,1,0,33,3,4,2,6,1,1,35,1,1,2,4,2,1,3,1,1,1,31,1,16,0.506566333
1,5,6,1,89,1,0,10,3,2,2,6,3,1,68,1,2,2,4,2,1,3,5,1,24,28,1,7,0.538743107
2,2,7,1,60,1,0,81,2,3,6,6,3,2,18,2,1,1,4,1,2,6,3,3,44,16,1,1,0.501712027
2,6,7,1,72,1,0,43,3,4,1,5,1,1,59,1,1,2,3,2,1,3,1,1,33,31,1,19,1.294973709
1,3,6,1,40,1,0,23,3,2,1,6,1,1,13,1,2,2,4,1,1,1,1,3,17,21,1,3,0.427902551
1,1,9,1,71,1,0,50,3,3,2,8,3,1,9,1,4,3,4,3,4,6,5,3,14,32,1,5,0.427902551
2,4,2,1,81,1,0,80,3,2,1,7,3,1,19,1,3,4,4,1,1,6,2,1,11,24,1,1,0.343243209
2,2,2,1,73,1,0,47,4,4,1,3,3,1,50,1,3,3,4,4,1,1,2,1,50,24,1,11,0.538743107
2,5,1,1,62,1,0,23,3,3,1,1,1,1,20,1,2,1,4,4,4,6,1,1,3,52,1,15,0.84202368
2,5,1,1,100,1,0,19,2,2,6,2,1,1,19,1,3,2,4,1,1,3,2,3,5,14,1,6,0.574527399
2,2,4,1,100,1,0,60,1,1,1,4,3,1,30,1,3,2,4,1,1,3,3,3,34,35,1,9,0.432154266
1,5,7,1,69,1,0,80,3,3,1,7,3,1,39,1,2,4,4,2,1,6,1,1,44,22,3,9,1.103625348
1,3,2,1,97,1,0,35,1,2,4,4,2,1,50,1,2,2,4,1,1,1,1,1,26,22,1,11,0.538743107
1,1,1,2,81,0,0,29,3,3,6,1,4,1,82,2,3,5,4,4,1,1,5,3,5,17,2,2,1.165351009
2,3,3,1,60,1,0,10,3,3,1,3,3,1,75,1,3,1,4,2,1,3,1,1,33,32,1,11,0.429536552
1,5,1,1,97,1,0,7,3,3,2,2,2,1,15,1,2,5,1,1,2,3,1,1,1,48,2,9,2.016927406
2,5,4,1,40,1,2,39,4,3,8,6,3,1,30,2,2,3,4,1,1,3,1,3,2,53,1,14,0.84202368
2,4,7,1,69,1,0,81,1,3,6,7,3,1,20,1,3,1,4,2,1,3,3,3,23,18,1,8,0.538743107
1,2,4,1,50,1,0,60,1,1,1,5,4,3,0,2,3,2,4,1,1,6,5,3,22,24,1,5,0.341164062
2,6,1,1,89,1,0,60,1,1,2,1,2,1,56,1,2,2,4,2,1,3,5,1,23,15,1,9,0.787470485
2,2,9,1,83,1,0,79,4,4,8,8,4,1,6,3,4,3,4,3,3,6,1,1,44,30,1,5,0.343243209
2,2,7,1,72,1,5,65,1,1,8,7,2,1,14,1,2,1,4,1,2,1,1,1,48,45,1,16,0.84202368
2,5,1,1,80,1,2,40,3,3,8,2,3,1,67,1,2,2,4,4,1,1,1,1,39,41,1,13,0.920166135
2,5,3,1,71,1,0,60,3,3,1,5,4,2,9,2,3,4,4,3,4,6,5,3,22,60,3,10,5.000083137
1,5,3,1,81,1,0,39,3,3,2,4,3,1,51,1,1,2,4,2,1,3,3,4,34,22,1,1,0.343243209
1,5,6,1,31,1,0,33,1,2,1,5,2,1,26,1,2,2,1,2,1,4,3,1,5,23,1,17,1.185001802
1,3,7,1,70,1,0,80,3,2,2,7,1,1,3,1,1,2,4,1,2,6,5,1,50,25,1,1,0.427902551
1,2,2,1,82,1,0,44,3,4,2,4,2,1,72,1,2,3,2,4,4,6,5,3,33,32,2,1,0.871256716
1,6,4,1,50,1,0,60,3,3,6,4,3,1,50,1,1,3,4,2,1,3,1,1,14,14,1,20,0.946813996
2,3,4,1,49,1,0,100,1,2,1,6,1,1,0,1,2,1,4,2,1,3,3,1,36,15,1,8,0.787470485
4,7,9,3,69,0,0,95,4,4,10,8,5,3,31,3,5,6,5,4,4,6,6,5,10,49,7,1,1.601966451
1,2,4,1,30,1,0,5,3,1,6,4,2,2,80,2,2,3,4,2,2,3,1,1,4,27,1,2,0.343243209
1,2,4,1,12,1,0,12,1,2,2,2,3,3,12,2,1,2,2,2,1,1,3,1,2,48,1,2,0.570545043
2,2,4,2,5,0,1,2,2,1,7,4,3,1,6,1,3,2,4,2,2,6,5,3,31,61,1,6,4.847681165
2,4,4,1,63,1,0,57,3,3,1,7,3,1,9,2,2,5,4,4,4,6,1,1,50,24,1,16,0.631508565
2,5,1,1,81,1,2,40,1,1,1,6,3,1,58,1,2,2,3,1,1,2,5,1,36,36,2,11,1.375829411
1,3,7,1,50,1,0,27,3,4,6,6,4,1,51,1,2,2,3,2,1,3,1,1,17,12,1,13,0.923063978
2,2,4,1,70,1,0,97,1,4,6,4,3,1,39,2,3,5,4,2,2,6,1,1,34,14,1,20,0.759489452
2,6,2,1,68,1,1,23,3,3,8,4,3,2,76,2,3,4,4,1,1,6,1,1,48,46,4,15,2.15034017
1,4,1,1,80,1,0,14,3,4,2,2,2,1,62,1,2,2,4,2,1,3,2,3,5,20,1,8,0.3930594
1,5,2,1,50,1,1,11,3,3,1,2,2,1,60,1,2,4,4,2,1,3,1,1,10,23,1,16,0.506566333
2,2,6,1,70,1,0,30,3,3,1,6,4,1,2,1,2,4,4,2,2,1,1,1,39,22,1,11,0.429536552
1,5,4,1,40,1,0,11,3,3,1,4,2,1,29,1,2,3,4,2,1,3,1,3,14,18,5,14,1.612731644
1,6,6,1,49,1,0,15,3,3,1,6,2,1,20,1,2,2,4,2,1,3,1,1,10,21,1,17,1.302865633
1,6,4,1,81,1,0,35,3,3,1,4,3,2,10,2,3,3,4,1,2,3,1,1,3,34,1,19,1.185001802
1,5,6,1,72,1,0,23,1,4,1,6,3,1,40,2,3,4,4,4,4,6,3,1,26,26,1,12,0.538743107
1,6,1,2,50,0,0,61,1,1,6,4,1,1,100,1,1,1,1,1,1,4,1,3,32,4,1,3,0.456324613
1,2,7,1,47,1,1,58,1,1,1,1,1,1,92,1,1,1,1,2,2,1,1,1,11,54,1,14,0.92577388
1,3,6,1,40,1,0,41,1,1,1,4,4,1,19,2,3,3,3,2,2,3,5,3,45,53,1,11,0.718334602
2,2,4,1,71,1,2,0,4,4,8,5,3,2,59,3,5,3,4,3,3,6,1,3,9,40,3,2,1.641951179
2,3,6,2,60,1,0,20,3,3,5,6,2,1,39,1,1,2,1,1,1,3,3,3,38,21,1,20,0.4725944
2,4,2,1,40,1,0,60,3,1,2,6,2,1,20,1,3,4,4,2,1,3,1,1,36,32,1,12,0.538743107
2,6,1,1,90,1,0,25,1,1,1,4,3,1,51,1,2,2,4,1,2,6,5,1,14,37,2,14,1.612731644
1,3,4,1,86,1,0,80,4,4,1,4,3,1,13,1,2,2,3,3,4,1,5,1,29,47,5,17,5.000013911
1,6,6,1,82,1,0,81,1,2,1,5,2,1,9,3,2,4,2,2,2,3,1,3,31,44,7,20,2.004710154
1,2,4,1,100,1,0,60,3,2,2,7,2,1,0,1,3,1,4,1,1,3,1,1,39,29,1,2,0.341164062
1,6,6,1,40,1,0,39,3,2,6,6,2,1,40,1,2,3,4,1,2,3,1,1,5,16,1,19,1.732094445
1,5,4,1,60,1,0,39,3,1,6,4,1,1,20,1,2,1,1,2,1,3,3,1,36,13,1,15,0.923063978
1,3,3,1,50,1,0,25,2,4,9,1,1,1,63,1,1,5,3,2,1,3,5,3,21,24,1,9,0.432154266
1,4,5,1,48,1,0,60,3,3,6,6,1,1,11,1,1,4,3,2,1,3,1,1,14,11,1,14,0.923063978
1,7,3,1,61,1,0,63,1,1,1,4,2,1,19,1,2,2,4,2,1,3,1,1,34,43,1,20,0.789782315
2,2,4,1,100,1,0,70,1,1,1,4,4,1,50,2,4,3,3,4,4,6,5,4,15,38,1,1,0.782012106
1,2,5,1,70,1,1,61,1,1,1,4,3,1,48,1,3,2,4,1,1,6,1,1,34,27,1,12,0.432154266
2,2,5,1,60,1,1,80,2,3,1,5,2,1,30,2,3,3,4,1,1,3,5,3,10,50,1,12,0.789782315
2,2,7,1,81,1,3,84,4,4,8,6,5,1,82,2,3,1,3,2,4,6,1,1,5,48,4,15,2.15034017
1,2,5,1,50,1,0,30,3,4,1,7,1,1,2,1,1,5,1,2,1,3,5,3,44,34,1,8,0.432154266
2,6,2,1,80,1,0,20,2,2,6,2,2,1,69,1,4,3,4,2,1,3,1,1,5,16,5,18,4.423381849
2,5,4,1,90,1,0,40,3,1,1,4,3,1,0,2,3,4,4,1,1,2,5,3,36,52,1,13,1.154111704
2,2,5,1,71,0,0,100,2,1,1,6,4,2,50,2,3,6,4,2,2,6,1,1,44,31,1,9,0.432154266
2,2,7,1,50,1,0,71,3,3,6,7,1,1,6,1,1,5,3,2,1,3,1,1,24,16,1,20,0.946813996
2,2,4,1,99,1,0,60,3,1,1,6,3,1,15,1,4,5,4,4,4,6,5,3,50,23,1,10,0.538743107
1,3,5,1,81,1,0,90,4,4,6,6,3,1,19,1,3,1,3,1,1,6,1,1,22,13,1,9,0.627845355
1,3,4,1,81,1,1,60,3,1,6,4,1,1,2,1,2,1,4,2,1,3,2,1,14,17,1,8,0.787470485
2,3,7,1,60,1,0,40,1,1,6,7,2,1,43,1,2,3,4,2,1,3,1,1,1,18,1,12,0.432154266
2,2,4,1,71,1,0,21,1,3,8,4,2,1,19,1,2,3,4,2,1,3,1,1,29,18,1,19,1.185001802
2,6,4,1,19,1,0,17,3,3,7,4,3,2,24,2,3,3,3,3,3,6,3,1,22,26,1,17,1.294973709
1,3,1,1,61,1,3,81,2,4,2,1,2,1,34,1,1,2,4,1,1,1,1,1,10,35,4,12,1.103625348
2,2,4,1,90,1,1,80,1,1,2,4,2,1,20,1,2,2,4,1,2,3,5,1,37,27,1,11,0.432154266
2,6,6,1,51,1,2,68,1,1,8,6,1,1,18,1,2,1,4,2,1,3,1,1,4,35,1,12,0.432154266
2,6,3,1,91,1,0,40,3,3,6,3,1,1,67,1,1,1,2,2,1,3,5,3,16,1,1,8,0.787470485
1,4,7,1,30,1,2,80,1,1,2,7,1,1,20,1,2,2,3,2,1,3,1,1,13,26,1,15,0.460739774
2,2,4,1,86,1,0,54,4,4,6,7,4,2,50,2,4,3,4,2,2,6,2,1,23,22,1,4,0.427902551
1,3,1,2,60,1,0,100,3,4,5,7,4,1,39,2,3,1,4,4,4,6,3,3,34,33,5,1,0.876566393
2,2,4,1,71,1,1,38,1,1,9,7,2,1,36,1,3,2,4,2,4,3,1,1,15,34,1,10,0.538743107
2,4,1,1,91,1,0,25,2,1,5,2,4,2,50,2,2,2,4,2,1,6,5,1,10,23,1,1,0.343243209
2,5,1,1,90,1,0,39,3,3,4,4,3,1,70,1,3,2,4,1,1,6,1,1,21,22,4,16,1.293657126
1,5,1,1,70,1,0,1,3,3,6,1,1,1,80,1,2,1,3,2,1,3,5,1,22,14,1,14,0.73595321
2,3,7,1,64,1,0,95,1,1,9,6,2,1,1,2,2,4,4,1,1,6,5,3,16,32,1,2,0.427902551
1,5,1,1,90,1,0,61,2,4,6,4,3,1,48,1,3,3,4,2,1,6,1,1,5,16,3,12,1.46721449
2,2,1,1,72,1,0,40,1,3,1,2,1,1,100,1,1,2,1,1,1,4,5,1,39,24,1,12,0.429536552
1,2,4,2,43,1,0,91,3,3,9,4,4,2,1,2,3,1,3,3,3,6,5,3,39,44,1,2,0.623493423
2,3,1,2,97,1,0,100,3,3,9,1,4,1,3,1,4,3,3,1,1,6,1,3,47,36,2,5,0.876566393
1,5,7,1,76,1,0,100,3,3,1,5,2,1,0,1,3,2,2,2,1,4,1,1,31,18,1,10,0.429536552
2,2,4,1,80,1,0,100,1,1,4,6,2,1,0,2,1,2,2,2,1,3,1,3,3,32,1,1,0.312191688
2,3,2,1,90,1,0,24,1,1,1,4,2,2,39,2,2,3,4,4,1,6,3,1,33,22,1,17,1.294973709
3,2,4,1,84,1,0,100,4,2,6,8,1,1,1,1,4,4,4,2,2,6,1,1,36,8,7,6,2.011023508
1,6,3,1,41,1,0,60,1,3,9,1,1,1,20,1,1,1,3,2,1,3,5,3,33,47,1,19,2.366625567
2,1,4,1,42,0,0,58,3,4,8,4,5,2,21,3,5,6,5,4,4,6,3,3,20,34,1,1,0.341164062
2,2,4,3,9,0,0,7,4,4,5,8,4,2,12,2,4,6,4,4,4,6,5,3,47,35,1,20,0.519600055
1,5,6,1,50,1,0,60,3,3,6,6,2,1,60,1,1,5,4,2,1,3,1,1,11,16,1,18,1.904373751
1,2,4,2,91,1,0,40,1,3,6,3,2,1,20,1,4,1,4,2,1,6,3,3,43,22,1,3,0.343243209
2,2,4,2,81,1,0,51,1,2,9,2,2,2,48,2,2,2,4,1,1,3,3,1,44,30,1,2,0.343243209
2,2,7,1,71,1,0,40,1,1,6,7,3,1,25,1,2,4,4,2,1,3,1,1,33,13,1,10,0.627845355
2,3,3,1,70,1,0,19,3,3,1,3,2,1,81,1,3,2,4,2,1,3,2,1,7,12,1,14,0.73595321
2,2,1,1,49,1,0,100,3,3,6,8,4,1,12,1,4,5,4,4,4,6,2,1,10,4,1,8,0.631671616
1,2,4,1,71,1,0,50,3,4,1,4,1,1,16,2,3,3,3,4,4,1,2,2,23,25,1,20,0.647756994
1,5,6,1,51,1,0,28,3,3,6,6,1,1,19,1,2,2,4,2,1,3,4,1,44,14,1,17,1.904373751
1,4,6,2,30,1,0,90,3,1,9,6,2,1,5,1,2,2,4,1,2,2,1,1,10,33,1,14,0.506566333
2,6,1,1,81,1,0,81,1,4,6,2,2,1,71,1,2,2,3,2,1,6,1,1,39,25,1,17,1.294973709
1,2,4,1,81,1,1,35,2,1,6,8,2,1,37,2,1,1,4,1,1,6,4,3,36,27,1,1,0.427902551
2,2,6,1,75,1,1,60,1,1,10,5,3,1,3,1,4,3,4,1,2,6,1,1,39,35,1,11,0.429536552
1,2,1,1,80,0,0,40,1,1,6,2,2,1,39,1,2,2,4,1,2,6,1,3,26,25,2,12,1.375829411
1,2,4,1,50,1,0,19,1,1,2,5,1,1,40,1,2,3,4,2,1,3,5,3,31,33,1,8,0.429536552
2,5,4,1,65,1,3,89,1,1,1,2,2,1,73,1,2,2,2,2,2,2,3,1,50,48,1,11,0.984578453
1,2,7,1,39,1,0,33,3,3,2,7,2,1,29,1,1,1,1,2,2,3,1,1,34,18,1,15,0.506566333
1,4,5,1,45,1,0,33,3,3,2,5,2,1,17,1,3,4,1,2,1,3,3,3,5,34,1,9,0.3930594
2,4,3,1,97,0,0,59,1,3,3,4,3,2,65,2,4,1,3,4,4,6,1,4,34,31,5,1,0.876566393
1,2,3,1,69,1,0,40,3,2,6,4,4,2,19,2,3,5,4,4,4,6,3,1,1,10,1,7,0.631671616
1,2,2,1,65,1,0,27,3,3,6,3,2,1,56,1,3,2,4,2,1,3,2,3,36,12,1,9,0.787470485
1,2,4,1,71,0,1,82,3,1,1,4,4,1,50,1,3,4,4,2,1,3,1,3,10,37,2,9,1.103625348
1,5,5,1,40,1,0,32,3,3,6,6,1,1,32,1,1,1,3,2,1,3,1,1,15,1,1,15,0.923063978
2,3,3,1,80,1,0,30,3,3,6,4,4,1,20,1,2,4,3,2,1,3,3,1,3,8,1,11,0.574527399
2,2,9,1,91,1,0,60,2,4,6,4,3,2,74,2,4,3,4,1,4,1,2,1,11,14,1,1,0.501712027
1,2,4,1,70,1,1,40,3,1,1,3,5,1,40,2,3,3,4,4,4,1,3,3,10,38,1,11,0.789782315
2,2,6,1,81,1,0,80,3,3,6,6,3,1,7,1,3,2,3,2,1,3,1,1,36,10,1,11,0.787470485
